schema_version	status	latest	organism	assembly	upstream	downstream	jaspar_release	tax_group	background_version	artifact	artifact_sha256	motif_count	promoter_count	annotation_hash	promoter_hash	motif_hash	annotation_snapshot	annotation_source	annotation_retrieved_at	scoring_spec	pscanr_version	pscanr_commit	bioc_version	generated_at
1	validated	TRUE	dm	dm6	200	50	2020	insects	2	backgrounds/J2020_dm6_200u_50d_UCSC.psbg2.txt	3e0dfa8b5b99931b02e498f35f42f6e608bb201aa26a452afa3180e8d6dc30c8	143	22400	6fc25da1811b94baedcb3b79075f5cda0248c437abccace13ac5671af8c7f48c	54e97b46a20dc3bbd3bba9e46e78895ea3e77457835171368e7cc0bae3d67e00	23c350a34d917f7e7a9a6fe9a22f294d79528d35efadb3be79417881ddce8290	annotation_snapshots/dm6_200u_50d_54e97b46a20dc3bb.rds	ncbiRefSeqCurated	2026-08-04 16:32:14 UTC	pscan-best-hit-v1	0.99.0	47b59b6a3135a032e02fbd4eb5608397c5cd9005	3.23	2026-08-04 16:32:14 UTC
1	validated	TRUE	dm	dm6	450	50	2020	insects	2	backgrounds/J2020_dm6_450u_50d_UCSC.psbg2.txt	4dba235d2795f45e1c713c12699754283ffd4bf0aee4d492fc4a4b6d00768135	143	22454	6fc25da1811b94baedcb3b79075f5cda0248c437abccace13ac5671af8c7f48c	8330e1a53e05907b0acc8ed074a4c0c656292c65c929ff7ac5cccf8718912124	23c350a34d917f7e7a9a6fe9a22f294d79528d35efadb3be79417881ddce8290	annotation_snapshots/dm6_450u_50d_8330e1a53e05907b.rds	ncbiRefSeqCurated	2026-08-04 16:33:42 UTC	pscan-best-hit-v1	0.99.0	47b59b6a3135a032e02fbd4eb5608397c5cd9005	3.23	2026-08-04 16:33:42 UTC
1	validated	TRUE	dm	dm6	500	0	2020	insects	2	backgrounds/J2020_dm6_500u_0d_UCSC.psbg2.txt	35cdeb2d5558cdf6acbea36fc3e9246789158c2a4eed2a246a37514421e5d10c	143	22460	6fc25da1811b94baedcb3b79075f5cda0248c437abccace13ac5671af8c7f48c	583f486b1314a72084ec2c1700f8d6bfc8b9ba35002331e24bc433d3ddf5b82f	23c350a34d917f7e7a9a6fe9a22f294d79528d35efadb3be79417881ddce8290	annotation_snapshots/dm6_500u_0d_583f486b1314a720.rds	ncbiRefSeqCurated	2026-08-04 16:35:46 UTC	pscan-best-hit-v1	0.99.0	47b59b6a3135a032e02fbd4eb5608397c5cd9005	3.23	2026-08-04 16:35:46 UTC
1	validated	TRUE	dm	dm6	950	50	2020	insects	2	backgrounds/J2020_dm6_950u_50d_UCSC.psbg2.txt	576ad09e9a371058eaec373b14b51468279f89606ee356eebbcd3d7426e9dddf	143	22511	6fc25da1811b94baedcb3b79075f5cda0248c437abccace13ac5671af8c7f48c	e9b721780657dcd7a3b62b3834a5dceb7c46c5453f6bcfc2ff2fd07a1b47c01d	23c350a34d917f7e7a9a6fe9a22f294d79528d35efadb3be79417881ddce8290	annotation_snapshots/dm6_950u_50d_e9b721780657dcd7.rds	ncbiRefSeqCurated	2026-08-04 16:38:25 UTC	pscan-best-hit-v1	0.99.0	47b59b6a3135a032e02fbd4eb5608397c5cd9005	3.23	2026-08-04 16:38:25 UTC
1	validated	TRUE	dm	dm6	1000	0	2020	insects	2	backgrounds/J2020_dm6_1000u_0d_UCSC.psbg2.txt	01b58900d8fd2cb0df7b9de54dfb2b7dce96fd22c4670e60261bf9117e0963b9	143	22513	6fc25da1811b94baedcb3b79075f5cda0248c437abccace13ac5671af8c7f48c	65e22508a27d1fb334680cd9339270acab18539a0ce4a96a9cb83af1ba07f406	23c350a34d917f7e7a9a6fe9a22f294d79528d35efadb3be79417881ddce8290	annotation_snapshots/dm6_1000u_0d_65e22508a27d1fb3.rds	ncbiRefSeqCurated	2026-08-04 16:42:14 UTC	pscan-best-hit-v1	0.99.0	47b59b6a3135a032e02fbd4eb5608397c5cd9005	3.23	2026-08-04 16:42:14 UTC
1	validated	TRUE	hs	hg38	200	50	2020	vertebrates	2	backgrounds/J2020_hg38_200u_50d_UCSC.psbg2.txt	12eac3ce9c7b79dc8ab4face65e83dc93edfbc4850f74aae206b58c9e761aebf	746	39719	293e447c658a5532d00453d7001990e57ed60dfbb95c463c6b93fead54067005	8235c50a6cf86787db042954d6b39e909551b2ff44680d3ceabf956870800564	48bbbdc2a5c73303ff6c30c719df6b334cc9b62c07971249b7c5a7e9ff17c505	annotation_snapshots/hg38_200u_50d_8235c50a6cf86787.rds	ncbiRefSeqCurated	2026-08-04 11:43:25 UTC	pscan-best-hit-v1	0.99.0	47b59b6a3135a032e02fbd4eb5608397c5cd9005	3.23	2026-08-04 11:43:25 UTC
1	validated	TRUE	hs	hg38	450	50	2020	vertebrates	2	backgrounds/J2020_hg38_450u_50d_UCSC.psbg2.txt	b560c7f5be93950d62fe9d022078d8214bf1079a55a66da115a49cd1ab81c247	746	39799	293e447c658a5532d00453d7001990e57ed60dfbb95c463c6b93fead54067005	9611936ad682a417034c653df5c6804631c6b0b874557b6a848a4a188f6c23fe	48bbbdc2a5c73303ff6c30c719df6b334cc9b62c07971249b7c5a7e9ff17c505	annotation_snapshots/hg38_450u_50d_9611936ad682a417.rds	ncbiRefSeqCurated	2026-08-04 11:50:42 UTC	pscan-best-hit-v1	0.99.0	47b59b6a3135a032e02fbd4eb5608397c5cd9005	3.23	2026-08-04 11:50:42 UTC
1	validated	TRUE	hs	hg38	500	0	2020	vertebrates	2	backgrounds/J2020_hg38_500u_0d_UCSC.psbg2.txt	3a5ef61ada495f70882de7c2e2edf52b9bc76329673b66827b73c7e99fc8bcd0	746	39805	293e447c658a5532d00453d7001990e57ed60dfbb95c463c6b93fead54067005	e2ccc8cad7d4a03eee0d1f4bc12772c2b4cfae0b89f3204b6e2c64fd5e6128ee	48bbbdc2a5c73303ff6c30c719df6b334cc9b62c07971249b7c5a7e9ff17c505	annotation_snapshots/hg38_500u_0d_e2ccc8cad7d4a03e.rds	ncbiRefSeqCurated	2026-08-04 12:03:29 UTC	pscan-best-hit-v1	0.99.0	47b59b6a3135a032e02fbd4eb5608397c5cd9005	3.23	2026-08-04 12:03:29 UTC
1	validated	TRUE	hs	hg38	950	50	2020	vertebrates	2	backgrounds/J2020_hg38_950u_50d_UCSC.psbg2.txt	2dde1d4d3d7daa13cf04fc7e23b928ccd95fba04c7bb7cb47b0d4630a58efc94	746	39864	293e447c658a5532d00453d7001990e57ed60dfbb95c463c6b93fead54067005	57741d7678e96294d960474b11dad452b4003a4cee243cb0ceacbabb1aeb86ae	48bbbdc2a5c73303ff6c30c719df6b334cc9b62c07971249b7c5a7e9ff17c505	annotation_snapshots/hg38_950u_50d_57741d7678e96294.rds	ncbiRefSeqCurated	2026-08-04 12:20:01 UTC	pscan-best-hit-v1	0.99.0	47b59b6a3135a032e02fbd4eb5608397c5cd9005	3.23	2026-08-04 12:20:01 UTC
1	validated	TRUE	hs	hg38	1000	0	2020	vertebrates	2	backgrounds/J2020_hg38_1000u_0d_UCSC.psbg2.txt	978d4e2c40f7719206930bc5b4a6e8d927fce443adadb5514aea7be3acb63ffc	746	39862	293e447c658a5532d00453d7001990e57ed60dfbb95c463c6b93fead54067005	616e8d23c64d395b45d3ac8dcf57b3d2fe0c0df776da87b5c322cb9a52624690	48bbbdc2a5c73303ff6c30c719df6b334cc9b62c07971249b7c5a7e9ff17c505	annotation_snapshots/hg38_1000u_0d_616e8d23c64d395b.rds	ncbiRefSeqCurated	2026-08-04 12:41:54 UTC	pscan-best-hit-v1	0.99.0	47b59b6a3135a032e02fbd4eb5608397c5cd9005	3.23	2026-08-04 12:41:54 UTC
1	validated	TRUE	hs	hs1	200	50	2020	vertebrates	2	backgrounds/J2020_hs1_200u_50d_UCSC.psbg2.txt	3f824e7b59c57a09d6d8f4fe36da0b35b3a24887d49a4a8ea98c96649df7de3f	746	39405	8588d6c5c33e5564125643c0855a30c14f204591f523d358832cac63b4df0161	50592b5fe163dda86687f3fdcffe3e29d0d19c72da6b24ed342b01a7145aba59	48bbbdc2a5c73303ff6c30c719df6b334cc9b62c07971249b7c5a7e9ff17c505	annotation_snapshots/hs1_200u_50d_50592b5fe163dda8.rds	raw_data/GCF_009914755.1_T2T-CHM13v2.0_genomic.gff.gz	2026-08-04 12:59:24 UTC	pscan-best-hit-v1	0.99.0	47b59b6a3135a032e02fbd4eb5608397c5cd9005	3.23	2026-08-04 12:59:24 UTC
1	validated	TRUE	hs	hs1	450	50	2020	vertebrates	2	backgrounds/J2020_hs1_450u_50d_UCSC.psbg2.txt	040c9e4c88df806f6038f610d0cc198039eb140f2a520f58530becab61944d61	746	39500	8588d6c5c33e5564125643c0855a30c14f204591f523d358832cac63b4df0161	12cc8fdd1c35242bb98e1a3fb1b2f8383e810dc9fa3fc9c18ecb58f1dcd403ce	48bbbdc2a5c73303ff6c30c719df6b334cc9b62c07971249b7c5a7e9ff17c505	annotation_snapshots/hs1_450u_50d_12cc8fdd1c35242b.rds	raw_data/GCF_009914755.1_T2T-CHM13v2.0_genomic.gff.gz	2026-08-04 13:07:37 UTC	pscan-best-hit-v1	0.99.0	47b59b6a3135a032e02fbd4eb5608397c5cd9005	3.23	2026-08-04 13:07:37 UTC
1	validated	TRUE	hs	hs1	500	0	2020	vertebrates	2	backgrounds/J2020_hs1_500u_0d_UCSC.psbg2.txt	e79db86e52af75afe6d24545b2bd248db3fdbc6d832766f820219bdccd609ce2	746	39503	8588d6c5c33e5564125643c0855a30c14f204591f523d358832cac63b4df0161	5cad79dee764c4c5a88fb96075f4b25b415edbc7fc7722c350859518805f710d	48bbbdc2a5c73303ff6c30c719df6b334cc9b62c07971249b7c5a7e9ff17c505	annotation_snapshots/hs1_500u_0d_5cad79dee764c4c5.rds	raw_data/GCF_009914755.1_T2T-CHM13v2.0_genomic.gff.gz	2026-08-04 13:19:41 UTC	pscan-best-hit-v1	0.99.0	47b59b6a3135a032e02fbd4eb5608397c5cd9005	3.23	2026-08-04 13:19:41 UTC
1	validated	TRUE	hs	hs1	950	50	2020	vertebrates	2	backgrounds/J2020_hs1_950u_50d_UCSC.psbg2.txt	dd42defb77fdb38f56c245f6f2f1a8d9d39ddfc7917d3828e4144e99bacd0641	746	39591	8588d6c5c33e5564125643c0855a30c14f204591f523d358832cac63b4df0161	8bc67072cf43add3fe6582e1eaeaa8a2fcab4f5203ca8c814d26ba644b4bd20a	48bbbdc2a5c73303ff6c30c719df6b334cc9b62c07971249b7c5a7e9ff17c505	annotation_snapshots/hs1_950u_50d_8bc67072cf43add3.rds	raw_data/GCF_009914755.1_T2T-CHM13v2.0_genomic.gff.gz	2026-08-04 13:35:15 UTC	pscan-best-hit-v1	0.99.0	47b59b6a3135a032e02fbd4eb5608397c5cd9005	3.23	2026-08-04 13:35:15 UTC
1	validated	TRUE	hs	hs1	1000	0	2020	vertebrates	2	backgrounds/J2020_hs1_1000u_0d_UCSC.psbg2.txt	c8c5a02008122217dc806e93ca25ddd728b6707b894d026063438060bce0b832	746	39591	8588d6c5c33e5564125643c0855a30c14f204591f523d358832cac63b4df0161	d6e10e0ffddc16866f6b75aa4a7d4ca97cf80a658f3d7d88a678144eabe70330	48bbbdc2a5c73303ff6c30c719df6b334cc9b62c07971249b7c5a7e9ff17c505	annotation_snapshots/hs1_1000u_0d_d6e10e0ffddc1686.rds	raw_data/GCF_009914755.1_T2T-CHM13v2.0_genomic.gff.gz	2026-08-04 13:57:39 UTC	pscan-best-hit-v1	0.99.0	47b59b6a3135a032e02fbd4eb5608397c5cd9005	3.23	2026-08-04 13:57:39 UTC
1	validated	TRUE	mm	mm10	200	50	2020	vertebrates	2	backgrounds/J2020_mm10_200u_50d_UCSC.psbg2.txt	7e6daef78a489bc578c56916cf9b92f61de027d9e91d00e08b2191cbb62fb7e3	746	31383	149d40386fc8f9444c669b38c8498ec4771ba536bce179556fdd26156474fcd4	dd28d3555b2f296bc1755fbf38029858a3c125509aa461186430cd58be08a539	48bbbdc2a5c73303ff6c30c719df6b334cc9b62c07971249b7c5a7e9ff17c505	annotation_snapshots/mm10_200u_50d_dd28d3555b2f296b.rds	ncbiRefSeqCurated	2026-08-04 14:15:38 UTC	pscan-best-hit-v1	0.99.0	47b59b6a3135a032e02fbd4eb5608397c5cd9005	3.23	2026-08-04 14:15:38 UTC
1	validated	TRUE	mm	mm10	450	50	2020	vertebrates	2	backgrounds/J2020_mm10_450u_50d_UCSC.psbg2.txt	16320f53a4c3b08ba07730b796a4c80005dbff472cfc2524d3f215e3a11e035b	746	31440	149d40386fc8f9444c669b38c8498ec4771ba536bce179556fdd26156474fcd4	4d662cc9f56c7db24e86eafad23c7989f3038d6875853d353cda785935243690	48bbbdc2a5c73303ff6c30c719df6b334cc9b62c07971249b7c5a7e9ff17c505	annotation_snapshots/mm10_450u_50d_4d662cc9f56c7db2.rds	ncbiRefSeqCurated	2026-08-04 14:23:24 UTC	pscan-best-hit-v1	0.99.0	47b59b6a3135a032e02fbd4eb5608397c5cd9005	3.23	2026-08-04 14:23:24 UTC
1	validated	TRUE	mm	mm10	500	0	2020	vertebrates	2	backgrounds/J2020_mm10_500u_0d_UCSC.psbg2.txt	5296ebac42e3dc097ec9d799b52bd72c815f27f71c4d02168dd153e9ad765f92	746	31443	149d40386fc8f9444c669b38c8498ec4771ba536bce179556fdd26156474fcd4	5421f7342a03f2338340d446b4968e0fcee371d4012928e3077599c7bf77fa69	48bbbdc2a5c73303ff6c30c719df6b334cc9b62c07971249b7c5a7e9ff17c505	annotation_snapshots/mm10_500u_0d_5421f7342a03f233.rds	ncbiRefSeqCurated	2026-08-04 14:34:46 UTC	pscan-best-hit-v1	0.99.0	47b59b6a3135a032e02fbd4eb5608397c5cd9005	3.23	2026-08-04 14:34:46 UTC
1	validated	TRUE	mm	mm10	950	50	2020	vertebrates	2	backgrounds/J2020_mm10_950u_50d_UCSC.psbg2.txt	8dae347adefdad6c16dca4914be46d54e612ba53dae41e54329d7608db862a12	746	31504	149d40386fc8f9444c669b38c8498ec4771ba536bce179556fdd26156474fcd4	7d72219478c907de44761095e63d01a605f75404f616effa41ed626545713925	48bbbdc2a5c73303ff6c30c719df6b334cc9b62c07971249b7c5a7e9ff17c505	annotation_snapshots/mm10_950u_50d_7d72219478c907de.rds	ncbiRefSeqCurated	2026-08-04 14:48:07 UTC	pscan-best-hit-v1	0.99.0	47b59b6a3135a032e02fbd4eb5608397c5cd9005	3.23	2026-08-04 14:48:07 UTC
1	validated	TRUE	mm	mm10	1000	0	2020	vertebrates	2	backgrounds/J2020_mm10_1000u_0d_UCSC.psbg2.txt	227abfc9ec910ae3d6e86e8dfe4c942a9ea25a787b2fb4519507bc455bd7a925	746	31508	149d40386fc8f9444c669b38c8498ec4771ba536bce179556fdd26156474fcd4	a99159a0fb2af589a2751547ac95036081e197f57aa3375e6b68d524395dab7c	48bbbdc2a5c73303ff6c30c719df6b334cc9b62c07971249b7c5a7e9ff17c505	annotation_snapshots/mm10_1000u_0d_a99159a0fb2af589.rds	ncbiRefSeqCurated	2026-08-04 15:08:12 UTC	pscan-best-hit-v1	0.99.0	47b59b6a3135a032e02fbd4eb5608397c5cd9005	3.23	2026-08-04 15:08:12 UTC
1	validated	TRUE	mm	mm39	200	50	2020	vertebrates	2	backgrounds/J2020_mm39_200u_50d_UCSC.psbg2.txt	af3929fd0261858d98a05cfec00802d6c87b443d347bc9d9761d29a58b0416a3	746	33248	d859a4ba6b6710968bc987f778dc457d492aa0a03753c8fa9638afc148ff1dcd	5d0d312e51f3b84ad6359d1830ec2dd32be9aae850b0c7227285d02fddb4f21f	48bbbdc2a5c73303ff6c30c719df6b334cc9b62c07971249b7c5a7e9ff17c505	annotation_snapshots/mm39_200u_50d_5d0d312e51f3b84a.rds	ncbiRefSeqCurated	2026-08-04 15:22:55 UTC	pscan-best-hit-v1	0.99.0	47b59b6a3135a032e02fbd4eb5608397c5cd9005	3.23	2026-08-04 15:22:55 UTC
1	validated	TRUE	mm	mm39	450	50	2020	vertebrates	2	backgrounds/J2020_mm39_450u_50d_UCSC.psbg2.txt	ea8a1244a41893eb7be13e864e4888e09dc56c1619ff045d3757808973fcc44f	746	33308	d859a4ba6b6710968bc987f778dc457d492aa0a03753c8fa9638afc148ff1dcd	9cbd0f8ab0d09afe28da6f6ab89d0c1949f9295254984eaf82f5c9271467516b	48bbbdc2a5c73303ff6c30c719df6b334cc9b62c07971249b7c5a7e9ff17c505	annotation_snapshots/mm39_450u_50d_9cbd0f8ab0d09afe.rds	ncbiRefSeqCurated	2026-08-04 15:30:42 UTC	pscan-best-hit-v1	0.99.0	47b59b6a3135a032e02fbd4eb5608397c5cd9005	3.23	2026-08-04 15:30:42 UTC
1	validated	TRUE	mm	mm39	500	0	2020	vertebrates	2	backgrounds/J2020_mm39_500u_0d_UCSC.psbg2.txt	7690974dcf0b55ada0da75888154180fac5e03dad7e8cf40e7e9e0b5e50602f3	746	33312	d859a4ba6b6710968bc987f778dc457d492aa0a03753c8fa9638afc148ff1dcd	a07617e0867d9f347dab24d2cb17ee8ce72b15dd8b7719ac3a2bd411894e1fbf	48bbbdc2a5c73303ff6c30c719df6b334cc9b62c07971249b7c5a7e9ff17c505	annotation_snapshots/mm39_500u_0d_a07617e0867d9f34.rds	ncbiRefSeqCurated	2026-08-04 15:42:58 UTC	pscan-best-hit-v1	0.99.0	47b59b6a3135a032e02fbd4eb5608397c5cd9005	3.23	2026-08-04 15:42:58 UTC
1	validated	TRUE	mm	mm39	950	50	2020	vertebrates	2	backgrounds/J2020_mm39_950u_50d_UCSC.psbg2.txt	1175ae9441d7e06c63c4351b9d73cf31a0a1a728f188437572d7da4522f9ecf1	746	33374	d859a4ba6b6710968bc987f778dc457d492aa0a03753c8fa9638afc148ff1dcd	527e2097b72a88f76adbc675004be9b466b05ec83889d655ce4c0d2f84e2af9e	48bbbdc2a5c73303ff6c30c719df6b334cc9b62c07971249b7c5a7e9ff17c505	annotation_snapshots/mm39_950u_50d_527e2097b72a88f7.rds	ncbiRefSeqCurated	2026-08-04 15:57:55 UTC	pscan-best-hit-v1	0.99.0	47b59b6a3135a032e02fbd4eb5608397c5cd9005	3.23	2026-08-04 15:57:55 UTC
1	validated	TRUE	mm	mm39	1000	0	2020	vertebrates	2	backgrounds/J2020_mm39_1000u_0d_UCSC.psbg2.txt	6005795c85e3bbdaa4a48cbdae5f0fe728df4f05aa0047e4712209347945262e	746	33378	d859a4ba6b6710968bc987f778dc457d492aa0a03753c8fa9638afc148ff1dcd	e33a9e53ca443bed2a4f4a66f275cd31a75e3e669e5d179a25026dbf97478699	48bbbdc2a5c73303ff6c30c719df6b334cc9b62c07971249b7c5a7e9ff17c505	annotation_snapshots/mm39_1000u_0d_e33a9e53ca443bed.rds	ncbiRefSeqCurated	2026-08-04 16:17:44 UTC	pscan-best-hit-v1	0.99.0	47b59b6a3135a032e02fbd4eb5608397c5cd9005	3.23	2026-08-04 16:17:44 UTC
1	validated	TRUE	sc	sacCer3	200	50	2020	fungi	2	backgrounds/J2020_sacCer3_200u_50d_UCSC.psbg2.txt	0b1edb71e6b573b42a1695ffec6979e2f18b63bb5597596162b4f1b2222017e3	183	6544	1df6c89d4647f2095cddcdcf9c6f8787f576b09771d80114daca9b1f676d41a0	9349a7cb5404c821f4ce4f7b20965c4ad5dbb7a028047921c6f72b930bbbc2db	cb89bf8660d05a19cd8fcaceeb52af695acd7ff3b6a6c9970ce670fd6106e851	annotation_snapshots/sacCer3_200u_50d_9349a7cb5404c821.rds	sgdGene	2026-08-04 11:10:31 UTC	pscan-best-hit-v1	0.99.0	47b59b6a3135a032e02fbd4eb5608397c5cd9005	3.23	2026-08-04 11:10:31 UTC
1	validated	TRUE	sc	sacCer3	450	50	2020	fungi	2	backgrounds/J2020_sacCer3_450u_50d_UCSC.psbg2.txt	72000cb8e164251a1e00e2bbd6dfddb6adb5397cf166db55f6c5a2459450445b	183	6570	1df6c89d4647f2095cddcdcf9c6f8787f576b09771d80114daca9b1f676d41a0	a1db15c302d42b97b8b37ef4a70f6aa12bef151cbea0018180aabf588a5eb8dd	cb89bf8660d05a19cd8fcaceeb52af695acd7ff3b6a6c9970ce670fd6106e851	annotation_snapshots/sacCer3_450u_50d_a1db15c302d42b97.rds	sgdGene	2026-08-04 16:45:43 UTC	pscan-best-hit-v1	0.99.0	47b59b6a3135a032e02fbd4eb5608397c5cd9005	3.23	2026-08-04 16:45:43 UTC
1	validated	TRUE	sc	sacCer3	500	0	2020	fungi	2	backgrounds/J2020_sacCer3_500u_0d_UCSC.psbg2.txt	aa2026ff5db0707399f84c2e7ee3f1a3ccad3c7a9fb92004276c46e41fce1f43	183	6571	1df6c89d4647f2095cddcdcf9c6f8787f576b09771d80114daca9b1f676d41a0	54cf689fdd0b9daad4875c362b4b55434cdd4c70d0c6c414b1d01056be396cb8	cb89bf8660d05a19cd8fcaceeb52af695acd7ff3b6a6c9970ce670fd6106e851	annotation_snapshots/sacCer3_500u_0d_54cf689fdd0b9daa.rds	sgdGene	2026-08-04 16:46:35 UTC	pscan-best-hit-v1	0.99.0	47b59b6a3135a032e02fbd4eb5608397c5cd9005	3.23	2026-08-04 16:46:35 UTC
1	validated	TRUE	sc	sacCer3	950	50	2020	fungi	2	backgrounds/J2020_sacCer3_950u_50d_UCSC.psbg2.txt	959da1e8b04a5a4714d89f928f4239139d547754ec354014b35f7357eaf3644f	183	6571	1df6c89d4647f2095cddcdcf9c6f8787f576b09771d80114daca9b1f676d41a0	8d6d3e76b76ec7e2e9d767976cd5734178d816b4ba9d78a7d427ab83bf68157a	cb89bf8660d05a19cd8fcaceeb52af695acd7ff3b6a6c9970ce670fd6106e851	annotation_snapshots/sacCer3_950u_50d_8d6d3e76b76ec7e2.rds	sgdGene	2026-08-04 16:47:34 UTC	pscan-best-hit-v1	0.99.0	47b59b6a3135a032e02fbd4eb5608397c5cd9005	3.23	2026-08-04 16:47:34 UTC
1	validated	TRUE	sc	sacCer3	1000	0	2020	fungi	2	backgrounds/J2020_sacCer3_1000u_0d_UCSC.psbg2.txt	3119cae418ccfd42755436a8b7510369934d792ce4ccedcf1cb2711c1827a36d	183	6571	1df6c89d4647f2095cddcdcf9c6f8787f576b09771d80114daca9b1f676d41a0	4c0d9d25a1a6f05e87c4cc44adbe0f299730cee48d1e5ec08c97d230beafafb2	cb89bf8660d05a19cd8fcaceeb52af695acd7ff3b6a6c9970ce670fd6106e851	annotation_snapshots/sacCer3_1000u_0d_4c0d9d25a1a6f05e.rds	sgdGene	2026-08-04 16:48:49 UTC	pscan-best-hit-v1	0.99.0	47b59b6a3135a032e02fbd4eb5608397c5cd9005	3.23	2026-08-04 16:48:49 UTC
1	validated	TRUE	at	TAIR9	200	50	2020	plants	2	backgrounds/J2020_TAIR9_200u_50d_TAIR.psbg2.txt	4b72e41054e30fa15ca4a047a571691835872c46f98f3244fb621c2329aaaaf9	530	36331	4ea50fc5006b5a92fc39cdfcb2c72305ed0aebc2d39c9be1ca89efce88a2f9ac	dbd7d029ae8be7cd91214ce1972458c7175720e74f9866e72f6faa6a909a04af	d7efd20729fe014f4d95b4b8bf30c61e332b6d806f3faa06ff20e092e412bc09	annotation_snapshots/TAIR9_200u_50d_dbd7d029ae8be7cd.rds	raw_data/TAIR9_GFF3_genes.gff	2026-08-04 16:51:07 UTC	pscan-best-hit-v1	0.99.0	47b59b6a3135a032e02fbd4eb5608397c5cd9005	3.23	2026-08-04 16:51:07 UTC
1	validated	TRUE	at	TAIR9	450	50	2020	plants	2	backgrounds/J2020_TAIR9_450u_50d_TAIR.psbg2.txt	063bac7565c2a3183ca0f25d5e56667cec29643a66af47e6bcf6d63b95015de3	530	36368	4ea50fc5006b5a92fc39cdfcb2c72305ed0aebc2d39c9be1ca89efce88a2f9ac	386c50763de2bc8dde69442d05e399a4322903d64bdb3b9f30c1731c4e98fb66	d7efd20729fe014f4d95b4b8bf30c61e332b6d806f3faa06ff20e092e412bc09	annotation_snapshots/TAIR9_450u_50d_386c50763de2bc8d.rds	raw_data/TAIR9_GFF3_genes.gff	2026-08-04 16:57:34 UTC	pscan-best-hit-v1	0.99.0	47b59b6a3135a032e02fbd4eb5608397c5cd9005	3.23	2026-08-04 16:57:34 UTC
1	validated	TRUE	at	TAIR9	500	0	2020	plants	2	backgrounds/J2020_TAIR9_500u_0d_TAIR.psbg2.txt	ec5d910fbe72b6cbc16d610ce3995330fa4746069cc1fab84de63f6431c5ceab	530	36371	4ea50fc5006b5a92fc39cdfcb2c72305ed0aebc2d39c9be1ca89efce88a2f9ac	394a22087789940987c669e35cfaf2677b3c99b5880a0c12e1954401653118b6	d7efd20729fe014f4d95b4b8bf30c61e332b6d806f3faa06ff20e092e412bc09	annotation_snapshots/TAIR9_500u_0d_394a220877899409.rds	raw_data/TAIR9_GFF3_genes.gff	2026-08-04 17:07:25 UTC	pscan-best-hit-v1	0.99.0	47b59b6a3135a032e02fbd4eb5608397c5cd9005	3.23	2026-08-04 17:07:25 UTC
1	validated	TRUE	at	TAIR9	950	50	2020	plants	2	backgrounds/J2020_TAIR9_950u_50d_TAIR.psbg2.txt	bab5e89332bd11d47fefc36a2a817a0df989bb8fde9bae60aa216eb1fa271669	530	36406	4ea50fc5006b5a92fc39cdfcb2c72305ed0aebc2d39c9be1ca89efce88a2f9ac	7ab3e5cc19986b1c6cd9fd0b7a670a57259bdcaf2155cbbb4d5681478fbb2946	d7efd20729fe014f4d95b4b8bf30c61e332b6d806f3faa06ff20e092e412bc09	annotation_snapshots/TAIR9_950u_50d_7ab3e5cc19986b1c.rds	raw_data/TAIR9_GFF3_genes.gff	2026-08-04 17:19:56 UTC	pscan-best-hit-v1	0.99.0	47b59b6a3135a032e02fbd4eb5608397c5cd9005	3.23	2026-08-04 17:19:56 UTC
1	validated	TRUE	at	TAIR9	1000	0	2020	plants	2	backgrounds/J2020_TAIR9_1000u_0d_TAIR.psbg2.txt	c1e5ce982c9747856160ad03529ec1b8a1230a12496083e29dfb497a87470f6f	530	36405	4ea50fc5006b5a92fc39cdfcb2c72305ed0aebc2d39c9be1ca89efce88a2f9ac	cff3236aa5cf9d592417cf95f63898e129f6567975eda5e600ef3f2c074d202b	d7efd20729fe014f4d95b4b8bf30c61e332b6d806f3faa06ff20e092e412bc09	annotation_snapshots/TAIR9_1000u_0d_cff3236aa5cf9d59.rds	raw_data/TAIR9_GFF3_genes.gff	2026-08-04 17:37:09 UTC	pscan-best-hit-v1	0.99.0	47b59b6a3135a032e02fbd4eb5608397c5cd9005	3.23	2026-08-04 17:37:09 UTC
1	validated	TRUE	dm	dm6	200	50	2022	insects	2	backgrounds/J2022_dm6_200u_50d_UCSC.psbg2.txt	deb7c0ae2e9fc597eeeae3a0e95578bf5eb2c96e63c394b10c46b841962f83ba	150	22400	6fc25da1811b94baedcb3b79075f5cda0248c437abccace13ac5671af8c7f48c	54e97b46a20dc3bbd3bba9e46e78895ea3e77457835171368e7cc0bae3d67e00	8cac2bc40bd97f6020aa443a6794e9bfdd32fed82a94fbd4f5c3eb0ae9e20827	annotation_snapshots/dm6_200u_50d_54e97b46a20dc3bb.rds	ncbiRefSeqCurated	2026-08-04 16:32:37 UTC	pscan-best-hit-v1	0.99.0	47b59b6a3135a032e02fbd4eb5608397c5cd9005	3.23	2026-08-04 16:32:37 UTC
1	validated	TRUE	dm	dm6	450	50	2022	insects	2	backgrounds/J2022_dm6_450u_50d_UCSC.psbg2.txt	498ebe805b6acaf1a2a64d3b406af2f565e8ecf06b3799ab82e912e8a8a294c3	150	22454	6fc25da1811b94baedcb3b79075f5cda0248c437abccace13ac5671af8c7f48c	8330e1a53e05907b0acc8ed074a4c0c656292c65c929ff7ac5cccf8718912124	8cac2bc40bd97f6020aa443a6794e9bfdd32fed82a94fbd4f5c3eb0ae9e20827	annotation_snapshots/dm6_450u_50d_8330e1a53e05907b.rds	ncbiRefSeqCurated	2026-08-04 16:34:17 UTC	pscan-best-hit-v1	0.99.0	47b59b6a3135a032e02fbd4eb5608397c5cd9005	3.23	2026-08-04 16:34:17 UTC
1	validated	TRUE	dm	dm6	500	0	2022	insects	2	backgrounds/J2022_dm6_500u_0d_UCSC.psbg2.txt	0a5f5e040937712ab0941957035e36e9c9ebf3fb4d638d9aeb90f59a70ffaf47	150	22460	6fc25da1811b94baedcb3b79075f5cda0248c437abccace13ac5671af8c7f48c	583f486b1314a72084ec2c1700f8d6bfc8b9ba35002331e24bc433d3ddf5b82f	8cac2bc40bd97f6020aa443a6794e9bfdd32fed82a94fbd4f5c3eb0ae9e20827	annotation_snapshots/dm6_500u_0d_583f486b1314a720.rds	ncbiRefSeqCurated	2026-08-04 16:36:21 UTC	pscan-best-hit-v1	0.99.0	47b59b6a3135a032e02fbd4eb5608397c5cd9005	3.23	2026-08-04 16:36:21 UTC
1	validated	TRUE	dm	dm6	950	50	2022	insects	2	backgrounds/J2022_dm6_950u_50d_UCSC.psbg2.txt	5fe792b6b4998940d25e8c5ccb15eb36549b9868a9cc3500aae4898868002edf	150	22511	6fc25da1811b94baedcb3b79075f5cda0248c437abccace13ac5671af8c7f48c	e9b721780657dcd7a3b62b3834a5dceb7c46c5453f6bcfc2ff2fd07a1b47c01d	8cac2bc40bd97f6020aa443a6794e9bfdd32fed82a94fbd4f5c3eb0ae9e20827	annotation_snapshots/dm6_950u_50d_e9b721780657dcd7.rds	ncbiRefSeqCurated	2026-08-04 16:39:30 UTC	pscan-best-hit-v1	0.99.0	47b59b6a3135a032e02fbd4eb5608397c5cd9005	3.23	2026-08-04 16:39:30 UTC
1	validated	TRUE	dm	dm6	1000	0	2022	insects	2	backgrounds/J2022_dm6_1000u_0d_UCSC.psbg2.txt	2a6239646d5bfc1a2af4470e307ce07a03a65d1b96cd6fcffae02682514ac773	150	22513	6fc25da1811b94baedcb3b79075f5cda0248c437abccace13ac5671af8c7f48c	65e22508a27d1fb334680cd9339270acab18539a0ce4a96a9cb83af1ba07f406	8cac2bc40bd97f6020aa443a6794e9bfdd32fed82a94fbd4f5c3eb0ae9e20827	annotation_snapshots/dm6_1000u_0d_65e22508a27d1fb3.rds	ncbiRefSeqCurated	2026-08-04 16:43:20 UTC	pscan-best-hit-v1	0.99.0	47b59b6a3135a032e02fbd4eb5608397c5cd9005	3.23	2026-08-04 16:43:20 UTC
1	validated	TRUE	hs	hg38	200	50	2022	vertebrates	2	backgrounds/J2022_hg38_200u_50d_UCSC.psbg2.txt	7ff35740ce39b2e42a8d08b884cf7a56ceea575c3d3ee4a0f201f1290175cd75	841	39719	293e447c658a5532d00453d7001990e57ed60dfbb95c463c6b93fead54067005	8235c50a6cf86787db042954d6b39e909551b2ff44680d3ceabf956870800564	bffa00eeb0323eae1b45a3649ed8dd0e8192be57296b285d8e17b9ed45cbb2e3	annotation_snapshots/hg38_200u_50d_8235c50a6cf86787.rds	ncbiRefSeqCurated	2026-08-04 11:45:38 UTC	pscan-best-hit-v1	0.99.0	47b59b6a3135a032e02fbd4eb5608397c5cd9005	3.23	2026-08-04 11:45:38 UTC
1	validated	TRUE	hs	hg38	450	50	2022	vertebrates	2	backgrounds/J2022_hg38_450u_50d_UCSC.psbg2.txt	18011539ff6fcb1665cd864b7d7f539256996ddf3900ec4b77d484d1fc2546c7	841	39799	293e447c658a5532d00453d7001990e57ed60dfbb95c463c6b93fead54067005	9611936ad682a417034c653df5c6804631c6b0b874557b6a848a4a188f6c23fe	bffa00eeb0323eae1b45a3649ed8dd0e8192be57296b285d8e17b9ed45cbb2e3	annotation_snapshots/hg38_450u_50d_9611936ad682a417.rds	ncbiRefSeqCurated	2026-08-04 11:55:07 UTC	pscan-best-hit-v1	0.99.0	47b59b6a3135a032e02fbd4eb5608397c5cd9005	3.23	2026-08-04 11:55:07 UTC
1	validated	TRUE	hs	hg38	500	0	2022	vertebrates	2	backgrounds/J2022_hg38_500u_0d_UCSC.psbg2.txt	e0af21db7aadea43f9ee39a26cd94739077d4f334aed64ffc5c24d2849c68d41	841	39805	293e447c658a5532d00453d7001990e57ed60dfbb95c463c6b93fead54067005	e2ccc8cad7d4a03eee0d1f4bc12772c2b4cfae0b89f3204b6e2c64fd5e6128ee	bffa00eeb0323eae1b45a3649ed8dd0e8192be57296b285d8e17b9ed45cbb2e3	annotation_snapshots/hg38_500u_0d_e2ccc8cad7d4a03e.rds	ncbiRefSeqCurated	2026-08-04 12:08:13 UTC	pscan-best-hit-v1	0.99.0	47b59b6a3135a032e02fbd4eb5608397c5cd9005	3.23	2026-08-04 12:08:13 UTC
1	validated	TRUE	hs	hg38	950	50	2022	vertebrates	2	backgrounds/J2022_hg38_950u_50d_UCSC.psbg2.txt	ba075f7d7a18685e1bf686ed83b4211c9040d1132d9dd117288d2c29f548ee77	841	39864	293e447c658a5532d00453d7001990e57ed60dfbb95c463c6b93fead54067005	57741d7678e96294d960474b11dad452b4003a4cee243cb0ceacbabb1aeb86ae	bffa00eeb0323eae1b45a3649ed8dd0e8192be57296b285d8e17b9ed45cbb2e3	annotation_snapshots/hg38_950u_50d_57741d7678e96294.rds	ncbiRefSeqCurated	2026-08-04 12:28:12 UTC	pscan-best-hit-v1	0.99.0	47b59b6a3135a032e02fbd4eb5608397c5cd9005	3.23	2026-08-04 12:28:12 UTC
1	validated	TRUE	hs	hg38	1000	0	2022	vertebrates	2	backgrounds/J2022_hg38_1000u_0d_UCSC.psbg2.txt	74ee7f8a93f0c90ab30dbecab200a11b1b6a38fb0575c3b22303ec708fa99b1a	841	39862	293e447c658a5532d00453d7001990e57ed60dfbb95c463c6b93fead54067005	616e8d23c64d395b45d3ac8dcf57b3d2fe0c0df776da87b5c322cb9a52624690	bffa00eeb0323eae1b45a3649ed8dd0e8192be57296b285d8e17b9ed45cbb2e3	annotation_snapshots/hg38_1000u_0d_616e8d23c64d395b.rds	ncbiRefSeqCurated	2026-08-04 12:49:58 UTC	pscan-best-hit-v1	0.99.0	47b59b6a3135a032e02fbd4eb5608397c5cd9005	3.23	2026-08-04 12:49:58 UTC
1	validated	TRUE	hs	hs1	200	50	2022	vertebrates	2	backgrounds/J2022_hs1_200u_50d_UCSC.psbg2.txt	d4152c9da2ce4bc15ca8742bc2c14a3121e82bab64273002bba71987f6e3562d	841	39405	8588d6c5c33e5564125643c0855a30c14f204591f523d358832cac63b4df0161	50592b5fe163dda86687f3fdcffe3e29d0d19c72da6b24ed342b01a7145aba59	bffa00eeb0323eae1b45a3649ed8dd0e8192be57296b285d8e17b9ed45cbb2e3	annotation_snapshots/hs1_200u_50d_50592b5fe163dda8.rds	raw_data/GCF_009914755.1_T2T-CHM13v2.0_genomic.gff.gz	2026-08-04 13:01:39 UTC	pscan-best-hit-v1	0.99.0	47b59b6a3135a032e02fbd4eb5608397c5cd9005	3.23	2026-08-04 13:01:39 UTC
1	validated	TRUE	hs	hs1	450	50	2022	vertebrates	2	backgrounds/J2022_hs1_450u_50d_UCSC.psbg2.txt	153bbb547952a012cd9f0214aaa54494a6c2e419d95c3b28ad655343acf65de9	841	39500	8588d6c5c33e5564125643c0855a30c14f204591f523d358832cac63b4df0161	12cc8fdd1c35242bb98e1a3fb1b2f8383e810dc9fa3fc9c18ecb58f1dcd403ce	bffa00eeb0323eae1b45a3649ed8dd0e8192be57296b285d8e17b9ed45cbb2e3	annotation_snapshots/hs1_450u_50d_12cc8fdd1c35242b.rds	raw_data/GCF_009914755.1_T2T-CHM13v2.0_genomic.gff.gz	2026-08-04 13:11:45 UTC	pscan-best-hit-v1	0.99.0	47b59b6a3135a032e02fbd4eb5608397c5cd9005	3.23	2026-08-04 13:11:45 UTC
1	validated	TRUE	hs	hs1	500	0	2022	vertebrates	2	backgrounds/J2022_hs1_500u_0d_UCSC.psbg2.txt	d5ea613ab3856bd8c83144cbb9e541dd8f8e85dd5c36a2807ed3a6cee53cc4a4	841	39503	8588d6c5c33e5564125643c0855a30c14f204591f523d358832cac63b4df0161	5cad79dee764c4c5a88fb96075f4b25b415edbc7fc7722c350859518805f710d	bffa00eeb0323eae1b45a3649ed8dd0e8192be57296b285d8e17b9ed45cbb2e3	annotation_snapshots/hs1_500u_0d_5cad79dee764c4c5.rds	raw_data/GCF_009914755.1_T2T-CHM13v2.0_genomic.gff.gz	2026-08-04 13:24:13 UTC	pscan-best-hit-v1	0.99.0	47b59b6a3135a032e02fbd4eb5608397c5cd9005	3.23	2026-08-04 13:24:13 UTC
1	validated	TRUE	hs	hs1	950	50	2022	vertebrates	2	backgrounds/J2022_hs1_950u_50d_UCSC.psbg2.txt	c60a594fb7af29f7fad0d1dea5f06bc3721f6041bdc6767d251c26c443933c47	841	39591	8588d6c5c33e5564125643c0855a30c14f204591f523d358832cac63b4df0161	8bc67072cf43add3fe6582e1eaeaa8a2fcab4f5203ca8c814d26ba644b4bd20a	bffa00eeb0323eae1b45a3649ed8dd0e8192be57296b285d8e17b9ed45cbb2e3	annotation_snapshots/hs1_950u_50d_8bc67072cf43add3.rds	raw_data/GCF_009914755.1_T2T-CHM13v2.0_genomic.gff.gz	2026-08-04 13:43:10 UTC	pscan-best-hit-v1	0.99.0	47b59b6a3135a032e02fbd4eb5608397c5cd9005	3.23	2026-08-04 13:43:10 UTC
1	validated	TRUE	hs	hs1	1000	0	2022	vertebrates	2	backgrounds/J2022_hs1_1000u_0d_UCSC.psbg2.txt	6b124bdb38a33d0858408f9d34047937aa602f40fe116a5f3188e4de9081b6e2	841	39591	8588d6c5c33e5564125643c0855a30c14f204591f523d358832cac63b4df0161	d6e10e0ffddc16866f6b75aa4a7d4ca97cf80a658f3d7d88a678144eabe70330	bffa00eeb0323eae1b45a3649ed8dd0e8192be57296b285d8e17b9ed45cbb2e3	annotation_snapshots/hs1_1000u_0d_d6e10e0ffddc1686.rds	raw_data/GCF_009914755.1_T2T-CHM13v2.0_genomic.gff.gz	2026-08-04 14:06:39 UTC	pscan-best-hit-v1	0.99.0	47b59b6a3135a032e02fbd4eb5608397c5cd9005	3.23	2026-08-04 14:06:39 UTC
1	validated	TRUE	mm	mm10	200	50	2022	vertebrates	2	backgrounds/J2022_mm10_200u_50d_UCSC.psbg2.txt	9c38c93b5e0658ace3c297a1cbf1bd5425db7bc1e273a9f3ffd846cac4bba71f	841	31383	149d40386fc8f9444c669b38c8498ec4771ba536bce179556fdd26156474fcd4	dd28d3555b2f296bc1755fbf38029858a3c125509aa461186430cd58be08a539	bffa00eeb0323eae1b45a3649ed8dd0e8192be57296b285d8e17b9ed45cbb2e3	annotation_snapshots/mm10_200u_50d_dd28d3555b2f296b.rds	ncbiRefSeqCurated	2026-08-04 14:17:48 UTC	pscan-best-hit-v1	0.99.0	47b59b6a3135a032e02fbd4eb5608397c5cd9005	3.23	2026-08-04 14:17:48 UTC
1	validated	TRUE	mm	mm10	450	50	2022	vertebrates	2	backgrounds/J2022_mm10_450u_50d_UCSC.psbg2.txt	aab4d8d240bf6099ad95d071ff15fed3e8900bf4018573cb8bab91dd5668b917	841	31440	149d40386fc8f9444c669b38c8498ec4771ba536bce179556fdd26156474fcd4	4d662cc9f56c7db24e86eafad23c7989f3038d6875853d353cda785935243690	bffa00eeb0323eae1b45a3649ed8dd0e8192be57296b285d8e17b9ed45cbb2e3	annotation_snapshots/mm10_450u_50d_4d662cc9f56c7db2.rds	ncbiRefSeqCurated	2026-08-04 14:27:32 UTC	pscan-best-hit-v1	0.99.0	47b59b6a3135a032e02fbd4eb5608397c5cd9005	3.23	2026-08-04 14:27:32 UTC
1	validated	TRUE	mm	mm10	500	0	2022	vertebrates	2	backgrounds/J2022_mm10_500u_0d_UCSC.psbg2.txt	1a93ef250c93e0af4641a892a5a064464aa87b37e63c8102cb89c443b1ad223f	841	31443	149d40386fc8f9444c669b38c8498ec4771ba536bce179556fdd26156474fcd4	5421f7342a03f2338340d446b4968e0fcee371d4012928e3077599c7bf77fa69	bffa00eeb0323eae1b45a3649ed8dd0e8192be57296b285d8e17b9ed45cbb2e3	annotation_snapshots/mm10_500u_0d_5421f7342a03f233.rds	ncbiRefSeqCurated	2026-08-04 14:38:36 UTC	pscan-best-hit-v1	0.99.0	47b59b6a3135a032e02fbd4eb5608397c5cd9005	3.23	2026-08-04 14:38:36 UTC
1	validated	TRUE	mm	mm10	950	50	2022	vertebrates	2	backgrounds/J2022_mm10_950u_50d_UCSC.psbg2.txt	fa463ab629a2a7bccd971e7a2fc52a3de956d32f2afaa7cd258137e3920fc397	841	31504	149d40386fc8f9444c669b38c8498ec4771ba536bce179556fdd26156474fcd4	7d72219478c907de44761095e63d01a605f75404f616effa41ed626545713925	bffa00eeb0323eae1b45a3649ed8dd0e8192be57296b285d8e17b9ed45cbb2e3	annotation_snapshots/mm10_950u_50d_7d72219478c907de.rds	ncbiRefSeqCurated	2026-08-04 14:55:19 UTC	pscan-best-hit-v1	0.99.0	47b59b6a3135a032e02fbd4eb5608397c5cd9005	3.23	2026-08-04 14:55:19 UTC
1	validated	TRUE	mm	mm10	1000	0	2022	vertebrates	2	backgrounds/J2022_mm10_1000u_0d_UCSC.psbg2.txt	92954888b8d321d6cda8a47e0df86b57799aae693039646828190cb147615722	841	31508	149d40386fc8f9444c669b38c8498ec4771ba536bce179556fdd26156474fcd4	a99159a0fb2af589a2751547ac95036081e197f57aa3375e6b68d524395dab7c	bffa00eeb0323eae1b45a3649ed8dd0e8192be57296b285d8e17b9ed45cbb2e3	annotation_snapshots/mm10_1000u_0d_a99159a0fb2af589.rds	ncbiRefSeqCurated	2026-08-04 15:15:23 UTC	pscan-best-hit-v1	0.99.0	47b59b6a3135a032e02fbd4eb5608397c5cd9005	3.23	2026-08-04 15:15:23 UTC
1	validated	TRUE	mm	mm39	200	50	2022	vertebrates	2	backgrounds/J2022_mm39_200u_50d_UCSC.psbg2.txt	fad59e18942acc16dbccab92461e9221e936ce9ec9471a47490860dfd83be6b6	841	33248	d859a4ba6b6710968bc987f778dc457d492aa0a03753c8fa9638afc148ff1dcd	5d0d312e51f3b84ad6359d1830ec2dd32be9aae850b0c7227285d02fddb4f21f	bffa00eeb0323eae1b45a3649ed8dd0e8192be57296b285d8e17b9ed45cbb2e3	annotation_snapshots/mm39_200u_50d_5d0d312e51f3b84a.rds	ncbiRefSeqCurated	2026-08-04 15:25:02 UTC	pscan-best-hit-v1	0.99.0	47b59b6a3135a032e02fbd4eb5608397c5cd9005	3.23	2026-08-04 15:25:02 UTC
1	validated	TRUE	mm	mm39	450	50	2022	vertebrates	2	backgrounds/J2022_mm39_450u_50d_UCSC.psbg2.txt	c5ee821d703099b7f05bbc35ba81d031405af13dcd48be3bbb202446be9f1d5d	841	33308	d859a4ba6b6710968bc987f778dc457d492aa0a03753c8fa9638afc148ff1dcd	9cbd0f8ab0d09afe28da6f6ab89d0c1949f9295254984eaf82f5c9271467516b	bffa00eeb0323eae1b45a3649ed8dd0e8192be57296b285d8e17b9ed45cbb2e3	annotation_snapshots/mm39_450u_50d_9cbd0f8ab0d09afe.rds	ncbiRefSeqCurated	2026-08-04 15:35:06 UTC	pscan-best-hit-v1	0.99.0	47b59b6a3135a032e02fbd4eb5608397c5cd9005	3.23	2026-08-04 15:35:06 UTC
1	validated	TRUE	mm	mm39	500	0	2022	vertebrates	2	backgrounds/J2022_mm39_500u_0d_UCSC.psbg2.txt	9923caa19670fe6029001f9ee476c101563c48abff81989749c247be71dafdd6	841	33312	d859a4ba6b6710968bc987f778dc457d492aa0a03753c8fa9638afc148ff1dcd	a07617e0867d9f347dab24d2cb17ee8ce72b15dd8b7719ac3a2bd411894e1fbf	bffa00eeb0323eae1b45a3649ed8dd0e8192be57296b285d8e17b9ed45cbb2e3	annotation_snapshots/mm39_500u_0d_a07617e0867d9f34.rds	ncbiRefSeqCurated	2026-08-04 15:47:18 UTC	pscan-best-hit-v1	0.99.0	47b59b6a3135a032e02fbd4eb5608397c5cd9005	3.23	2026-08-04 15:47:18 UTC
1	validated	TRUE	mm	mm39	950	50	2022	vertebrates	2	backgrounds/J2022_mm39_950u_50d_UCSC.psbg2.txt	d334072fb2caa9f7b05318063c2de0a4381e4611fbe6a1e47a88c09e09a83dfd	841	33374	d859a4ba6b6710968bc987f778dc457d492aa0a03753c8fa9638afc148ff1dcd	527e2097b72a88f76adbc675004be9b466b05ec83889d655ce4c0d2f84e2af9e	bffa00eeb0323eae1b45a3649ed8dd0e8192be57296b285d8e17b9ed45cbb2e3	annotation_snapshots/mm39_950u_50d_527e2097b72a88f7.rds	ncbiRefSeqCurated	2026-08-04 16:05:01 UTC	pscan-best-hit-v1	0.99.0	47b59b6a3135a032e02fbd4eb5608397c5cd9005	3.23	2026-08-04 16:05:01 UTC
1	validated	TRUE	mm	mm39	1000	0	2022	vertebrates	2	backgrounds/J2022_mm39_1000u_0d_UCSC.psbg2.txt	dcab192cc75b9d04024357af2ddd49216aa2aa01432a8e3eb8b204fcc49e2360	841	33378	d859a4ba6b6710968bc987f778dc457d492aa0a03753c8fa9638afc148ff1dcd	e33a9e53ca443bed2a4f4a66f275cd31a75e3e669e5d179a25026dbf97478699	bffa00eeb0323eae1b45a3649ed8dd0e8192be57296b285d8e17b9ed45cbb2e3	annotation_snapshots/mm39_1000u_0d_e33a9e53ca443bed.rds	ncbiRefSeqCurated	2026-08-04 16:25:06 UTC	pscan-best-hit-v1	0.99.0	47b59b6a3135a032e02fbd4eb5608397c5cd9005	3.23	2026-08-04 16:25:06 UTC
1	validated	TRUE	sc	sacCer3	200	50	2022	fungi	2	backgrounds/J2022_sacCer3_200u_50d_UCSC.psbg2.txt	e89736815bd8e2e0b595a096125e26bf7e131da5de067d47e5b1c0476b5e8e2f	179	6544	1df6c89d4647f2095cddcdcf9c6f8787f576b09771d80114daca9b1f676d41a0	9349a7cb5404c821f4ce4f7b20965c4ad5dbb7a028047921c6f72b930bbbc2db	97d710e0cb217d4fbe7a6c2806009eb3edae5768423c38bac754143f0fec98f6	annotation_snapshots/sacCer3_200u_50d_9349a7cb5404c821.rds	sgdGene	2026-08-04 16:45:15 UTC	pscan-best-hit-v1	0.99.0	47b59b6a3135a032e02fbd4eb5608397c5cd9005	3.23	2026-08-04 16:45:15 UTC
1	validated	TRUE	sc	sacCer3	450	50	2022	fungi	2	backgrounds/J2022_sacCer3_450u_50d_UCSC.psbg2.txt	bbe27d2667b4e6c59d0ac650764671babd1208b94f94ec981f99f40212392e69	179	6570	1df6c89d4647f2095cddcdcf9c6f8787f576b09771d80114daca9b1f676d41a0	a1db15c302d42b97b8b37ef4a70f6aa12bef151cbea0018180aabf588a5eb8dd	97d710e0cb217d4fbe7a6c2806009eb3edae5768423c38bac754143f0fec98f6	annotation_snapshots/sacCer3_450u_50d_a1db15c302d42b97.rds	sgdGene	2026-08-04 16:46:01 UTC	pscan-best-hit-v1	0.99.0	47b59b6a3135a032e02fbd4eb5608397c5cd9005	3.23	2026-08-04 16:46:01 UTC
1	validated	TRUE	sc	sacCer3	500	0	2022	fungi	2	backgrounds/J2022_sacCer3_500u_0d_UCSC.psbg2.txt	7b226e1779f8de29cac2c54f87751c818ced50872c3239eb970793dcf3dd1256	179	6571	1df6c89d4647f2095cddcdcf9c6f8787f576b09771d80114daca9b1f676d41a0	54cf689fdd0b9daad4875c362b4b55434cdd4c70d0c6c414b1d01056be396cb8	97d710e0cb217d4fbe7a6c2806009eb3edae5768423c38bac754143f0fec98f6	annotation_snapshots/sacCer3_500u_0d_54cf689fdd0b9daa.rds	sgdGene	2026-08-04 16:46:53 UTC	pscan-best-hit-v1	0.99.0	47b59b6a3135a032e02fbd4eb5608397c5cd9005	3.23	2026-08-04 16:46:53 UTC
1	validated	TRUE	sc	sacCer3	950	50	2022	fungi	2	backgrounds/J2022_sacCer3_950u_50d_UCSC.psbg2.txt	af5b5033e99b4892ccf0f1c903572724d054f7501fe6f6703d5eafe796453ab6	179	6571	1df6c89d4647f2095cddcdcf9c6f8787f576b09771d80114daca9b1f676d41a0	8d6d3e76b76ec7e2e9d767976cd5734178d816b4ba9d78a7d427ab83bf68157a	97d710e0cb217d4fbe7a6c2806009eb3edae5768423c38bac754143f0fec98f6	annotation_snapshots/sacCer3_950u_50d_8d6d3e76b76ec7e2.rds	sgdGene	2026-08-04 16:48:01 UTC	pscan-best-hit-v1	0.99.0	47b59b6a3135a032e02fbd4eb5608397c5cd9005	3.23	2026-08-04 16:48:01 UTC
1	validated	TRUE	sc	sacCer3	1000	0	2022	fungi	2	backgrounds/J2022_sacCer3_1000u_0d_UCSC.psbg2.txt	1894fa92a3df130ee8742d16fb4d5f348f261951f26918d6aa9d5ffb8f9e95a1	179	6571	1df6c89d4647f2095cddcdcf9c6f8787f576b09771d80114daca9b1f676d41a0	4c0d9d25a1a6f05e87c4cc44adbe0f299730cee48d1e5ec08c97d230beafafb2	97d710e0cb217d4fbe7a6c2806009eb3edae5768423c38bac754143f0fec98f6	annotation_snapshots/sacCer3_1000u_0d_4c0d9d25a1a6f05e.rds	sgdGene	2026-08-04 16:49:15 UTC	pscan-best-hit-v1	0.99.0	47b59b6a3135a032e02fbd4eb5608397c5cd9005	3.23	2026-08-04 16:49:15 UTC
1	validated	TRUE	at	TAIR9	200	50	2022	plants	2	backgrounds/J2022_TAIR9_200u_50d_TAIR.psbg2.txt	2d985c18a41f1fdc0af8e4d6effbb81c39ab3abd349f1b1d8f8bc5415af64447	656	36331	4ea50fc5006b5a92fc39cdfcb2c72305ed0aebc2d39c9be1ca89efce88a2f9ac	dbd7d029ae8be7cd91214ce1972458c7175720e74f9866e72f6faa6a909a04af	dc6d29707c6c8f92262d741e7da057d9b3c4bb59fd3e64df7c16d9acbbe7455f	annotation_snapshots/TAIR9_200u_50d_dbd7d029ae8be7cd.rds	raw_data/TAIR9_GFF3_genes.gff	2026-08-04 16:52:57 UTC	pscan-best-hit-v1	0.99.0	47b59b6a3135a032e02fbd4eb5608397c5cd9005	3.23	2026-08-04 16:52:57 UTC
1	validated	TRUE	at	TAIR9	450	50	2022	plants	2	backgrounds/J2022_TAIR9_450u_50d_TAIR.psbg2.txt	50d39d9263c7c80bf0ec5503a9c4e36a34084657ef55198f5cc9a5dd11b5cbea	656	36368	4ea50fc5006b5a92fc39cdfcb2c72305ed0aebc2d39c9be1ca89efce88a2f9ac	386c50763de2bc8dde69442d05e399a4322903d64bdb3b9f30c1731c4e98fb66	dc6d29707c6c8f92262d741e7da057d9b3c4bb59fd3e64df7c16d9acbbe7455f	annotation_snapshots/TAIR9_450u_50d_386c50763de2bc8d.rds	raw_data/TAIR9_GFF3_genes.gff	2026-08-04 17:00:59 UTC	pscan-best-hit-v1	0.99.0	47b59b6a3135a032e02fbd4eb5608397c5cd9005	3.23	2026-08-04 17:00:59 UTC
1	validated	TRUE	at	TAIR9	500	0	2022	plants	2	backgrounds/J2022_TAIR9_500u_0d_TAIR.psbg2.txt	dfb462f45e234ba55e92d284fa8693c06e10116c0b73eb20fcc4a2628abcfa47	656	36371	4ea50fc5006b5a92fc39cdfcb2c72305ed0aebc2d39c9be1ca89efce88a2f9ac	394a22087789940987c669e35cfaf2677b3c99b5880a0c12e1954401653118b6	dc6d29707c6c8f92262d741e7da057d9b3c4bb59fd3e64df7c16d9acbbe7455f	annotation_snapshots/TAIR9_500u_0d_394a220877899409.rds	raw_data/TAIR9_GFF3_genes.gff	2026-08-04 17:11:01 UTC	pscan-best-hit-v1	0.99.0	47b59b6a3135a032e02fbd4eb5608397c5cd9005	3.23	2026-08-04 17:11:01 UTC
1	validated	TRUE	at	TAIR9	950	50	2022	plants	2	backgrounds/J2022_TAIR9_950u_50d_TAIR.psbg2.txt	c19383cf66d8544a6c55a691b3edb00990de67ee2d5bca66b03285a8a118ee85	656	36406	4ea50fc5006b5a92fc39cdfcb2c72305ed0aebc2d39c9be1ca89efce88a2f9ac	7ab3e5cc19986b1c6cd9fd0b7a670a57259bdcaf2155cbbb4d5681478fbb2946	dc6d29707c6c8f92262d741e7da057d9b3c4bb59fd3e64df7c16d9acbbe7455f	annotation_snapshots/TAIR9_950u_50d_7ab3e5cc19986b1c.rds	raw_data/TAIR9_GFF3_genes.gff	2026-08-04 17:26:26 UTC	pscan-best-hit-v1	0.99.0	47b59b6a3135a032e02fbd4eb5608397c5cd9005	3.23	2026-08-04 17:26:26 UTC
1	validated	TRUE	at	TAIR9	1000	0	2022	plants	2	backgrounds/J2022_TAIR9_1000u_0d_TAIR.psbg2.txt	e9a9ca242f894f902018315ca8ca74e6d0f2633d410989218977654ea8103319	656	36405	4ea50fc5006b5a92fc39cdfcb2c72305ed0aebc2d39c9be1ca89efce88a2f9ac	cff3236aa5cf9d592417cf95f63898e129f6567975eda5e600ef3f2c074d202b	dc6d29707c6c8f92262d741e7da057d9b3c4bb59fd3e64df7c16d9acbbe7455f	annotation_snapshots/TAIR9_1000u_0d_cff3236aa5cf9d59.rds	raw_data/TAIR9_GFF3_genes.gff	2026-08-04 17:43:23 UTC	pscan-best-hit-v1	0.99.0	47b59b6a3135a032e02fbd4eb5608397c5cd9005	3.23	2026-08-04 17:43:23 UTC
1	validated	TRUE	dm	dm6	200	50	2024	insects	2	backgrounds/J2024_dm6_200u_50d_UCSC.psbg2.txt	5b445038a80d38359b7fa5a840337b697ff7f28b70872cb5ae14eea95580a9c6	286	22400	6fc25da1811b94baedcb3b79075f5cda0248c437abccace13ac5671af8c7f48c	54e97b46a20dc3bbd3bba9e46e78895ea3e77457835171368e7cc0bae3d67e00	ccdb4a4b41376324b5924149d9f6cba9e1e04cab8fc0aad4d1eb5495868e22b1	annotation_snapshots/dm6_200u_50d_54e97b46a20dc3bb.rds	ncbiRefSeqCurated	2026-08-04 16:33:07 UTC	pscan-best-hit-v1	0.99.0	47b59b6a3135a032e02fbd4eb5608397c5cd9005	3.23	2026-08-04 16:33:07 UTC
1	validated	TRUE	dm	dm6	450	50	2024	insects	2	backgrounds/J2024_dm6_450u_50d_UCSC.psbg2.txt	5e4f96039597f9a5625e3ec9e1ed1f9d120e008d285818ab3201c413aafb13f1	286	22454	6fc25da1811b94baedcb3b79075f5cda0248c437abccace13ac5671af8c7f48c	8330e1a53e05907b0acc8ed074a4c0c656292c65c929ff7ac5cccf8718912124	ccdb4a4b41376324b5924149d9f6cba9e1e04cab8fc0aad4d1eb5495868e22b1	annotation_snapshots/dm6_450u_50d_8330e1a53e05907b.rds	ncbiRefSeqCurated	2026-08-04 16:35:09 UTC	pscan-best-hit-v1	0.99.0	47b59b6a3135a032e02fbd4eb5608397c5cd9005	3.23	2026-08-04 16:35:09 UTC
1	validated	TRUE	dm	dm6	500	0	2024	insects	2	backgrounds/J2024_dm6_500u_0d_UCSC.psbg2.txt	5cca7fe7010227a32459fd8fef92395ce18581e00e3d90ec2674be9aff174cef	286	22460	6fc25da1811b94baedcb3b79075f5cda0248c437abccace13ac5671af8c7f48c	583f486b1314a72084ec2c1700f8d6bfc8b9ba35002331e24bc433d3ddf5b82f	ccdb4a4b41376324b5924149d9f6cba9e1e04cab8fc0aad4d1eb5495868e22b1	annotation_snapshots/dm6_500u_0d_583f486b1314a720.rds	ncbiRefSeqCurated	2026-08-04 16:37:14 UTC	pscan-best-hit-v1	0.99.0	47b59b6a3135a032e02fbd4eb5608397c5cd9005	3.23	2026-08-04 16:37:14 UTC
1	validated	TRUE	dm	dm6	950	50	2024	insects	2	backgrounds/J2024_dm6_950u_50d_UCSC.psbg2.txt	b8c6c3fc4ee3de16de8289fc9e93812c0f11a182717dfca6169a83881b184885	286	22511	6fc25da1811b94baedcb3b79075f5cda0248c437abccace13ac5671af8c7f48c	e9b721780657dcd7a3b62b3834a5dceb7c46c5453f6bcfc2ff2fd07a1b47c01d	ccdb4a4b41376324b5924149d9f6cba9e1e04cab8fc0aad4d1eb5495868e22b1	annotation_snapshots/dm6_950u_50d_e9b721780657dcd7.rds	ncbiRefSeqCurated	2026-08-04 16:41:10 UTC	pscan-best-hit-v1	0.99.0	47b59b6a3135a032e02fbd4eb5608397c5cd9005	3.23	2026-08-04 16:41:10 UTC
1	validated	TRUE	dm	dm6	1000	0	2024	insects	2	backgrounds/J2024_dm6_1000u_0d_UCSC.psbg2.txt	b4a1f3513834bfa44b1d32e4a6796ed9c846f04844f28195486b52791c00d0ab	286	22513	6fc25da1811b94baedcb3b79075f5cda0248c437abccace13ac5671af8c7f48c	65e22508a27d1fb334680cd9339270acab18539a0ce4a96a9cb83af1ba07f406	ccdb4a4b41376324b5924149d9f6cba9e1e04cab8fc0aad4d1eb5495868e22b1	annotation_snapshots/dm6_1000u_0d_65e22508a27d1fb3.rds	ncbiRefSeqCurated	2026-08-04 16:45:02 UTC	pscan-best-hit-v1	0.99.0	47b59b6a3135a032e02fbd4eb5608397c5cd9005	3.23	2026-08-04 16:45:02 UTC
1	validated	TRUE	hs	hg38	200	50	2024	vertebrates	2	backgrounds/J2024_hg38_200u_50d_UCSC.psbg2.txt	15be78d01840185d10248a3ffa9b1eb57b99d16f29e89738192e5f32cd9aa01d	879	39719	293e447c658a5532d00453d7001990e57ed60dfbb95c463c6b93fead54067005	8235c50a6cf86787db042954d6b39e909551b2ff44680d3ceabf956870800564	e0b9146400afc97c6403a0034a4199186541c92df336105e546ed57499477942	annotation_snapshots/hg38_200u_50d_8235c50a6cf86787.rds	ncbiRefSeqCurated	2026-08-04 11:47:32 UTC	pscan-best-hit-v1	0.99.0	47b59b6a3135a032e02fbd4eb5608397c5cd9005	3.23	2026-08-04 11:47:32 UTC
1	validated	TRUE	hs	hg38	450	50	2024	vertebrates	2	backgrounds/J2024_hg38_450u_50d_UCSC.psbg2.txt	500eee79410b85aca2f6953311185e60ea5e9d705f400c3dc1b2284b5e0d4d96	879	39799	293e447c658a5532d00453d7001990e57ed60dfbb95c463c6b93fead54067005	9611936ad682a417034c653df5c6804631c6b0b874557b6a848a4a188f6c23fe	e0b9146400afc97c6403a0034a4199186541c92df336105e546ed57499477942	annotation_snapshots/hg38_450u_50d_9611936ad682a417.rds	ncbiRefSeqCurated	2026-08-04 11:59:11 UTC	pscan-best-hit-v1	0.99.0	47b59b6a3135a032e02fbd4eb5608397c5cd9005	3.23	2026-08-04 11:59:11 UTC
1	validated	TRUE	hs	hg38	500	0	2024	vertebrates	2	backgrounds/J2024_hg38_500u_0d_UCSC.psbg2.txt	f3bbb082830406325fbbdf43d2d2486f2b82ec8d546a3e8c396daf582ac0830d	879	39805	293e447c658a5532d00453d7001990e57ed60dfbb95c463c6b93fead54067005	e2ccc8cad7d4a03eee0d1f4bc12772c2b4cfae0b89f3204b6e2c64fd5e6128ee	e0b9146400afc97c6403a0034a4199186541c92df336105e546ed57499477942	annotation_snapshots/hg38_500u_0d_e2ccc8cad7d4a03e.rds	ncbiRefSeqCurated	2026-08-04 12:12:48 UTC	pscan-best-hit-v1	0.99.0	47b59b6a3135a032e02fbd4eb5608397c5cd9005	3.23	2026-08-04 12:12:48 UTC
1	validated	TRUE	hs	hg38	950	50	2024	vertebrates	2	backgrounds/J2024_hg38_950u_50d_UCSC.psbg2.txt	baf4ea1bbcbd6baf579028bc41f133580fd1bd087117a45f26a65332f80f99ca	879	39864	293e447c658a5532d00453d7001990e57ed60dfbb95c463c6b93fead54067005	57741d7678e96294d960474b11dad452b4003a4cee243cb0ceacbabb1aeb86ae	e0b9146400afc97c6403a0034a4199186541c92df336105e546ed57499477942	annotation_snapshots/hg38_950u_50d_57741d7678e96294.rds	ncbiRefSeqCurated	2026-08-04 12:35:09 UTC	pscan-best-hit-v1	0.99.0	47b59b6a3135a032e02fbd4eb5608397c5cd9005	3.23	2026-08-04 12:35:09 UTC
1	validated	TRUE	hs	hg38	1000	0	2024	vertebrates	2	backgrounds/J2024_hg38_1000u_0d_UCSC.psbg2.txt	9467ab82e0e590b78aa5854f9ccfec944b1f4d2e205d79a900e4a036ce626ce0	879	39862	293e447c658a5532d00453d7001990e57ed60dfbb95c463c6b93fead54067005	616e8d23c64d395b45d3ac8dcf57b3d2fe0c0df776da87b5c322cb9a52624690	e0b9146400afc97c6403a0034a4199186541c92df336105e546ed57499477942	annotation_snapshots/hg38_1000u_0d_616e8d23c64d395b.rds	ncbiRefSeqCurated	2026-08-04 12:57:25 UTC	pscan-best-hit-v1	0.99.0	47b59b6a3135a032e02fbd4eb5608397c5cd9005	3.23	2026-08-04 12:57:25 UTC
1	validated	TRUE	hs	hs1	200	50	2024	vertebrates	2	backgrounds/J2024_hs1_200u_50d_UCSC.psbg2.txt	dae11a05ebc36bbd7176018afda45d3a89c078bcf3aaf23f3136ec9b39b157c5	879	39405	8588d6c5c33e5564125643c0855a30c14f204591f523d358832cac63b4df0161	50592b5fe163dda86687f3fdcffe3e29d0d19c72da6b24ed342b01a7145aba59	e0b9146400afc97c6403a0034a4199186541c92df336105e546ed57499477942	annotation_snapshots/hs1_200u_50d_50592b5fe163dda8.rds	raw_data/GCF_009914755.1_T2T-CHM13v2.0_genomic.gff.gz	2026-08-04 13:03:47 UTC	pscan-best-hit-v1	0.99.0	47b59b6a3135a032e02fbd4eb5608397c5cd9005	3.23	2026-08-04 13:03:47 UTC
1	validated	TRUE	hs	hs1	450	50	2024	vertebrates	2	backgrounds/J2024_hs1_450u_50d_UCSC.psbg2.txt	3c366be416b98f971285ad3997d2d077fe20dc22e69a74c568b830e25825bd47	879	39500	8588d6c5c33e5564125643c0855a30c14f204591f523d358832cac63b4df0161	12cc8fdd1c35242bb98e1a3fb1b2f8383e810dc9fa3fc9c18ecb58f1dcd403ce	e0b9146400afc97c6403a0034a4199186541c92df336105e546ed57499477942	annotation_snapshots/hs1_450u_50d_12cc8fdd1c35242b.rds	raw_data/GCF_009914755.1_T2T-CHM13v2.0_genomic.gff.gz	2026-08-04 13:15:42 UTC	pscan-best-hit-v1	0.99.0	47b59b6a3135a032e02fbd4eb5608397c5cd9005	3.23	2026-08-04 13:15:42 UTC
1	validated	TRUE	hs	hs1	500	0	2024	vertebrates	2	backgrounds/J2024_hs1_500u_0d_UCSC.psbg2.txt	07381af854b8db2853d3e582cbc216f2189ea58b1b7a8c6f9ce90f7fe8cfec4f	879	39503	8588d6c5c33e5564125643c0855a30c14f204591f523d358832cac63b4df0161	5cad79dee764c4c5a88fb96075f4b25b415edbc7fc7722c350859518805f710d	e0b9146400afc97c6403a0034a4199186541c92df336105e546ed57499477942	annotation_snapshots/hs1_500u_0d_5cad79dee764c4c5.rds	raw_data/GCF_009914755.1_T2T-CHM13v2.0_genomic.gff.gz	2026-08-04 13:28:04 UTC	pscan-best-hit-v1	0.99.0	47b59b6a3135a032e02fbd4eb5608397c5cd9005	3.23	2026-08-04 13:28:04 UTC
1	validated	TRUE	hs	hs1	950	50	2024	vertebrates	2	backgrounds/J2024_hs1_950u_50d_UCSC.psbg2.txt	4fc5a3251a6038a29586975ee7bdc223fd2eb6e3b9bdb27d42cf733536585f3a	879	39591	8588d6c5c33e5564125643c0855a30c14f204591f523d358832cac63b4df0161	8bc67072cf43add3fe6582e1eaeaa8a2fcab4f5203ca8c814d26ba644b4bd20a	e0b9146400afc97c6403a0034a4199186541c92df336105e546ed57499477942	annotation_snapshots/hs1_950u_50d_8bc67072cf43add3.rds	raw_data/GCF_009914755.1_T2T-CHM13v2.0_genomic.gff.gz	2026-08-04 13:50:18 UTC	pscan-best-hit-v1	0.99.0	47b59b6a3135a032e02fbd4eb5608397c5cd9005	3.23	2026-08-04 13:50:18 UTC
1	validated	TRUE	hs	hs1	1000	0	2024	vertebrates	2	backgrounds/J2024_hs1_1000u_0d_UCSC.psbg2.txt	05ae44060f40de51af61f56c570fe6840937cfacb5f2498b36ce13d3ef22611e	879	39591	8588d6c5c33e5564125643c0855a30c14f204591f523d358832cac63b4df0161	d6e10e0ffddc16866f6b75aa4a7d4ca97cf80a658f3d7d88a678144eabe70330	e0b9146400afc97c6403a0034a4199186541c92df336105e546ed57499477942	annotation_snapshots/hs1_1000u_0d_d6e10e0ffddc1686.rds	raw_data/GCF_009914755.1_T2T-CHM13v2.0_genomic.gff.gz	2026-08-04 14:13:50 UTC	pscan-best-hit-v1	0.99.0	47b59b6a3135a032e02fbd4eb5608397c5cd9005	3.23	2026-08-04 14:13:50 UTC
1	validated	TRUE	mm	mm10	200	50	2024	vertebrates	2	backgrounds/J2024_mm10_200u_50d_UCSC.psbg2.txt	b6972a9698ed3496f08ea4a7735123db413f461990db73e024409aa4727a64b2	879	31383	149d40386fc8f9444c669b38c8498ec4771ba536bce179556fdd26156474fcd4	dd28d3555b2f296bc1755fbf38029858a3c125509aa461186430cd58be08a539	e0b9146400afc97c6403a0034a4199186541c92df336105e546ed57499477942	annotation_snapshots/mm10_200u_50d_dd28d3555b2f296b.rds	ncbiRefSeqCurated	2026-08-04 14:19:51 UTC	pscan-best-hit-v1	0.99.0	47b59b6a3135a032e02fbd4eb5608397c5cd9005	3.23	2026-08-04 14:19:51 UTC
1	validated	TRUE	mm	mm10	450	50	2024	vertebrates	2	backgrounds/J2024_mm10_450u_50d_UCSC.psbg2.txt	4a38cf31ea214c3553d982beb11775a45cbad6ba3d83d0bcc1223fc8fae07029	879	31440	149d40386fc8f9444c669b38c8498ec4771ba536bce179556fdd26156474fcd4	4d662cc9f56c7db24e86eafad23c7989f3038d6875853d353cda785935243690	e0b9146400afc97c6403a0034a4199186541c92df336105e546ed57499477942	annotation_snapshots/mm10_450u_50d_4d662cc9f56c7db2.rds	ncbiRefSeqCurated	2026-08-04 14:31:18 UTC	pscan-best-hit-v1	0.99.0	47b59b6a3135a032e02fbd4eb5608397c5cd9005	3.23	2026-08-04 14:31:18 UTC
1	validated	TRUE	mm	mm10	500	0	2024	vertebrates	2	backgrounds/J2024_mm10_500u_0d_UCSC.psbg2.txt	64dd42754af4ac08d407717e91f1ba776ab628ce19f819f4d12d1af50f82976c	879	31443	149d40386fc8f9444c669b38c8498ec4771ba536bce179556fdd26156474fcd4	5421f7342a03f2338340d446b4968e0fcee371d4012928e3077599c7bf77fa69	e0b9146400afc97c6403a0034a4199186541c92df336105e546ed57499477942	annotation_snapshots/mm10_500u_0d_5421f7342a03f233.rds	ncbiRefSeqCurated	2026-08-04 14:41:54 UTC	pscan-best-hit-v1	0.99.0	47b59b6a3135a032e02fbd4eb5608397c5cd9005	3.23	2026-08-04 14:41:54 UTC
1	validated	TRUE	mm	mm10	950	50	2024	vertebrates	2	backgrounds/J2024_mm10_950u_50d_UCSC.psbg2.txt	686766b034479c952efa82f65dc4e8bb729561ea9d4395451e9dbcddac69f950	879	31504	149d40386fc8f9444c669b38c8498ec4771ba536bce179556fdd26156474fcd4	7d72219478c907de44761095e63d01a605f75404f616effa41ed626545713925	e0b9146400afc97c6403a0034a4199186541c92df336105e546ed57499477942	annotation_snapshots/mm10_950u_50d_7d72219478c907de.rds	ncbiRefSeqCurated	2026-08-04 15:01:50 UTC	pscan-best-hit-v1	0.99.0	47b59b6a3135a032e02fbd4eb5608397c5cd9005	3.23	2026-08-04 15:01:50 UTC
1	validated	TRUE	mm	mm10	1000	0	2024	vertebrates	2	backgrounds/J2024_mm10_1000u_0d_UCSC.psbg2.txt	0bfed7c268f994121a2c4b54293349d223d42cb18b422fb97f39e2047e3ee237	879	31508	149d40386fc8f9444c669b38c8498ec4771ba536bce179556fdd26156474fcd4	a99159a0fb2af589a2751547ac95036081e197f57aa3375e6b68d524395dab7c	e0b9146400afc97c6403a0034a4199186541c92df336105e546ed57499477942	annotation_snapshots/mm10_1000u_0d_a99159a0fb2af589.rds	ncbiRefSeqCurated	2026-08-04 15:21:15 UTC	pscan-best-hit-v1	0.99.0	47b59b6a3135a032e02fbd4eb5608397c5cd9005	3.23	2026-08-04 15:21:15 UTC
1	validated	TRUE	mm	mm39	200	50	2024	vertebrates	2	backgrounds/J2024_mm39_200u_50d_UCSC.psbg2.txt	7a281efdefe9284783f902714e5d62843616c5761d1def195d4e84f61a545f85	879	33248	d859a4ba6b6710968bc987f778dc457d492aa0a03753c8fa9638afc148ff1dcd	5d0d312e51f3b84ad6359d1830ec2dd32be9aae850b0c7227285d02fddb4f21f	e0b9146400afc97c6403a0034a4199186541c92df336105e546ed57499477942	annotation_snapshots/mm39_200u_50d_5d0d312e51f3b84a.rds	ncbiRefSeqCurated	2026-08-04 15:27:02 UTC	pscan-best-hit-v1	0.99.0	47b59b6a3135a032e02fbd4eb5608397c5cd9005	3.23	2026-08-04 15:27:02 UTC
1	validated	TRUE	mm	mm39	450	50	2024	vertebrates	2	backgrounds/J2024_mm39_450u_50d_UCSC.psbg2.txt	246d96341f3546a56d4ceb1ad059542f50047362b79bb0901f14ce8e569be681	879	33308	d859a4ba6b6710968bc987f778dc457d492aa0a03753c8fa9638afc148ff1dcd	9cbd0f8ab0d09afe28da6f6ab89d0c1949f9295254984eaf82f5c9271467516b	e0b9146400afc97c6403a0034a4199186541c92df336105e546ed57499477942	annotation_snapshots/mm39_450u_50d_9cbd0f8ab0d09afe.rds	ncbiRefSeqCurated	2026-08-04 15:38:59 UTC	pscan-best-hit-v1	0.99.0	47b59b6a3135a032e02fbd4eb5608397c5cd9005	3.23	2026-08-04 15:38:59 UTC
1	validated	TRUE	mm	mm39	500	0	2024	vertebrates	2	backgrounds/J2024_mm39_500u_0d_UCSC.psbg2.txt	78dd94f7437a4cd87b015b1eace97f1344bc2af7ee2197a734cfe32344a0e8f5	879	33312	d859a4ba6b6710968bc987f778dc457d492aa0a03753c8fa9638afc148ff1dcd	a07617e0867d9f347dab24d2cb17ee8ce72b15dd8b7719ac3a2bd411894e1fbf	e0b9146400afc97c6403a0034a4199186541c92df336105e546ed57499477942	annotation_snapshots/mm39_500u_0d_a07617e0867d9f34.rds	ncbiRefSeqCurated	2026-08-04 15:51:10 UTC	pscan-best-hit-v1	0.99.0	47b59b6a3135a032e02fbd4eb5608397c5cd9005	3.23	2026-08-04 15:51:10 UTC
1	validated	TRUE	mm	mm39	950	50	2024	vertebrates	2	backgrounds/J2024_mm39_950u_50d_UCSC.psbg2.txt	80db059af61e5e09a5ac0735de6e685930591705c881647951054830fc0503fd	879	33374	d859a4ba6b6710968bc987f778dc457d492aa0a03753c8fa9638afc148ff1dcd	527e2097b72a88f76adbc675004be9b466b05ec83889d655ce4c0d2f84e2af9e	e0b9146400afc97c6403a0034a4199186541c92df336105e546ed57499477942	annotation_snapshots/mm39_950u_50d_527e2097b72a88f7.rds	ncbiRefSeqCurated	2026-08-04 16:11:28 UTC	pscan-best-hit-v1	0.99.0	47b59b6a3135a032e02fbd4eb5608397c5cd9005	3.23	2026-08-04 16:11:28 UTC
1	validated	TRUE	mm	mm39	1000	0	2024	vertebrates	2	backgrounds/J2024_mm39_1000u_0d_UCSC.psbg2.txt	874ae59955fb8cfcb659fa1f3bd87e5b1e0c5c88eaa39531a9f7e00349d03091	879	33378	d859a4ba6b6710968bc987f778dc457d492aa0a03753c8fa9638afc148ff1dcd	e33a9e53ca443bed2a4f4a66f275cd31a75e3e669e5d179a25026dbf97478699	e0b9146400afc97c6403a0034a4199186541c92df336105e546ed57499477942	annotation_snapshots/mm39_1000u_0d_e33a9e53ca443bed.rds	ncbiRefSeqCurated	2026-08-04 16:31:54 UTC	pscan-best-hit-v1	0.99.0	47b59b6a3135a032e02fbd4eb5608397c5cd9005	3.23	2026-08-04 16:31:54 UTC
1	validated	TRUE	sc	sacCer3	200	50	2024	fungi	2	backgrounds/J2024_sacCer3_200u_50d_UCSC.psbg2.txt	1631345c12c0e330337f43235305c2b11655476a7c680835121f76035bbac264	178	6544	1df6c89d4647f2095cddcdcf9c6f8787f576b09771d80114daca9b1f676d41a0	9349a7cb5404c821f4ce4f7b20965c4ad5dbb7a028047921c6f72b930bbbc2db	f67a6d6ca50d7efc58466aeb4c726db50cedd27028755b54da65fac0f0ee5141	annotation_snapshots/sacCer3_200u_50d_9349a7cb5404c821.rds	sgdGene	2026-08-04 16:45:26 UTC	pscan-best-hit-v1	0.99.0	47b59b6a3135a032e02fbd4eb5608397c5cd9005	3.23	2026-08-04 16:45:26 UTC
1	validated	TRUE	sc	sacCer3	450	50	2024	fungi	2	backgrounds/J2024_sacCer3_450u_50d_UCSC.psbg2.txt	73e68407607ca504c5bfddb7d4e9c5ebaa97ba15ae0ebb13eba2c2bdd5bcf160	178	6570	1df6c89d4647f2095cddcdcf9c6f8787f576b09771d80114daca9b1f676d41a0	a1db15c302d42b97b8b37ef4a70f6aa12bef151cbea0018180aabf588a5eb8dd	f67a6d6ca50d7efc58466aeb4c726db50cedd27028755b54da65fac0f0ee5141	annotation_snapshots/sacCer3_450u_50d_a1db15c302d42b97.rds	sgdGene	2026-08-04 16:46:17 UTC	pscan-best-hit-v1	0.99.0	47b59b6a3135a032e02fbd4eb5608397c5cd9005	3.23	2026-08-04 16:46:17 UTC
1	validated	TRUE	sc	sacCer3	500	0	2024	fungi	2	backgrounds/J2024_sacCer3_500u_0d_UCSC.psbg2.txt	ae0cf079455d103d52ba893a7f1e6e5ec8ce8b012099d4153c80e28dbc5ab361	178	6571	1df6c89d4647f2095cddcdcf9c6f8787f576b09771d80114daca9b1f676d41a0	54cf689fdd0b9daad4875c362b4b55434cdd4c70d0c6c414b1d01056be396cb8	f67a6d6ca50d7efc58466aeb4c726db50cedd27028755b54da65fac0f0ee5141	annotation_snapshots/sacCer3_500u_0d_54cf689fdd0b9daa.rds	sgdGene	2026-08-04 16:47:10 UTC	pscan-best-hit-v1	0.99.0	47b59b6a3135a032e02fbd4eb5608397c5cd9005	3.23	2026-08-04 16:47:10 UTC
1	validated	TRUE	sc	sacCer3	950	50	2024	fungi	2	backgrounds/J2024_sacCer3_950u_50d_UCSC.psbg2.txt	4f39b75dff44826474c98ab177db3cfc1a110da761d903d5b5360de8ad7e1c0d	178	6571	1df6c89d4647f2095cddcdcf9c6f8787f576b09771d80114daca9b1f676d41a0	8d6d3e76b76ec7e2e9d767976cd5734178d816b4ba9d78a7d427ab83bf68157a	f67a6d6ca50d7efc58466aeb4c726db50cedd27028755b54da65fac0f0ee5141	annotation_snapshots/sacCer3_950u_50d_8d6d3e76b76ec7e2.rds	sgdGene	2026-08-04 16:48:23 UTC	pscan-best-hit-v1	0.99.0	47b59b6a3135a032e02fbd4eb5608397c5cd9005	3.23	2026-08-04 16:48:23 UTC
1	validated	TRUE	sc	sacCer3	1000	0	2024	fungi	2	backgrounds/J2024_sacCer3_1000u_0d_UCSC.psbg2.txt	9673ada16dc257064320263ee4941a02e8486ab5462df3c736aa62c9e65f5241	178	6571	1df6c89d4647f2095cddcdcf9c6f8787f576b09771d80114daca9b1f676d41a0	4c0d9d25a1a6f05e87c4cc44adbe0f299730cee48d1e5ec08c97d230beafafb2	f67a6d6ca50d7efc58466aeb4c726db50cedd27028755b54da65fac0f0ee5141	annotation_snapshots/sacCer3_1000u_0d_4c0d9d25a1a6f05e.rds	sgdGene	2026-08-04 16:49:37 UTC	pscan-best-hit-v1	0.99.0	47b59b6a3135a032e02fbd4eb5608397c5cd9005	3.23	2026-08-04 16:49:37 UTC
1	validated	TRUE	at	TAIR9	200	50	2024	plants	2	backgrounds/J2024_TAIR9_200u_50d_TAIR.psbg2.txt	1459bf5f91f07b0ce76f569df5082e1c9e88600c71a0bf4d95fe4d0ff766f1f9	805	36331	4ea50fc5006b5a92fc39cdfcb2c72305ed0aebc2d39c9be1ca89efce88a2f9ac	dbd7d029ae8be7cd91214ce1972458c7175720e74f9866e72f6faa6a909a04af	ce3adfb94e3a19e3db37bc1c88a99a09933845a7a1f7eafad9f7a5a00fae58d4	annotation_snapshots/TAIR9_200u_50d_dbd7d029ae8be7cd.rds	raw_data/TAIR9_GFF3_genes.gff	2026-08-04 16:54:45 UTC	pscan-best-hit-v1	0.99.0	47b59b6a3135a032e02fbd4eb5608397c5cd9005	3.23	2026-08-04 16:54:45 UTC
1	validated	TRUE	at	TAIR9	450	50	2024	plants	2	backgrounds/J2024_TAIR9_450u_50d_TAIR.psbg2.txt	9897d45487fd166de17119735bf8cb33c82a627e1ce16d97306bc7519048ada2	805	36368	4ea50fc5006b5a92fc39cdfcb2c72305ed0aebc2d39c9be1ca89efce88a2f9ac	386c50763de2bc8dde69442d05e399a4322903d64bdb3b9f30c1731c4e98fb66	ce3adfb94e3a19e3db37bc1c88a99a09933845a7a1f7eafad9f7a5a00fae58d4	annotation_snapshots/TAIR9_450u_50d_386c50763de2bc8d.rds	raw_data/TAIR9_GFF3_genes.gff	2026-08-04 17:04:26 UTC	pscan-best-hit-v1	0.99.0	47b59b6a3135a032e02fbd4eb5608397c5cd9005	3.23	2026-08-04 17:04:26 UTC
1	validated	TRUE	at	TAIR9	500	0	2024	plants	2	backgrounds/J2024_TAIR9_500u_0d_TAIR.psbg2.txt	c9c74733abc74cc86859977c28bcfc6ddb86481a9be408ba5dffe85d5a1c7430	805	36371	4ea50fc5006b5a92fc39cdfcb2c72305ed0aebc2d39c9be1ca89efce88a2f9ac	394a22087789940987c669e35cfaf2677b3c99b5880a0c12e1954401653118b6	ce3adfb94e3a19e3db37bc1c88a99a09933845a7a1f7eafad9f7a5a00fae58d4	annotation_snapshots/TAIR9_500u_0d_394a220877899409.rds	raw_data/TAIR9_GFF3_genes.gff	2026-08-04 17:14:44 UTC	pscan-best-hit-v1	0.99.0	47b59b6a3135a032e02fbd4eb5608397c5cd9005	3.23	2026-08-04 17:14:44 UTC
1	validated	TRUE	at	TAIR9	950	50	2024	plants	2	backgrounds/J2024_TAIR9_950u_50d_TAIR.psbg2.txt	cdb2f37941f1a2afe53a5372d6d010a89fab96115c0b3b7af7afa3e02c547808	805	36406	4ea50fc5006b5a92fc39cdfcb2c72305ed0aebc2d39c9be1ca89efce88a2f9ac	7ab3e5cc19986b1c6cd9fd0b7a670a57259bdcaf2155cbbb4d5681478fbb2946	ce3adfb94e3a19e3db37bc1c88a99a09933845a7a1f7eafad9f7a5a00fae58d4	annotation_snapshots/TAIR9_950u_50d_7ab3e5cc19986b1c.rds	raw_data/TAIR9_GFF3_genes.gff	2026-08-04 17:32:18 UTC	pscan-best-hit-v1	0.99.0	47b59b6a3135a032e02fbd4eb5608397c5cd9005	3.23	2026-08-04 17:32:18 UTC
1	validated	TRUE	at	TAIR9	1000	0	2024	plants	2	backgrounds/J2024_TAIR9_1000u_0d_TAIR.psbg2.txt	e9ff5282cd0ccffd939f8b91e45a3b626705243f65ff894e43851511b250475f	805	36405	4ea50fc5006b5a92fc39cdfcb2c72305ed0aebc2d39c9be1ca89efce88a2f9ac	cff3236aa5cf9d592417cf95f63898e129f6567975eda5e600ef3f2c074d202b	ce3adfb94e3a19e3db37bc1c88a99a09933845a7a1f7eafad9f7a5a00fae58d4	annotation_snapshots/TAIR9_1000u_0d_cff3236aa5cf9d59.rds	raw_data/TAIR9_GFF3_genes.gff	2026-08-04 17:49:51 UTC	pscan-best-hit-v1	0.99.0	47b59b6a3135a032e02fbd4eb5608397c5cd9005	3.23	2026-08-04 17:49:51 UTC
