"Title","Description","BiocVersion","Genome","SourceType","SourceUrl","SourceVersion","Species","TaxonomyId","Coordinate_1_based","DataProvider","Maintainer","RDataClass","DispatchClass","RDataPath","Tags"
"PscanR_bg_v2_J2020_dm6_200u_50d_UCSC","PscanR version-2 promoter background for JASPAR 2020 CORE insects motifs (143 matrices) scored on 22400 unique dm6 promoters from 200 bp upstream to 50 bp downstream of the TSS (UCSC ncbiRefSeqCurated annotation). Tab-separated text: motif identifier, number of promoters, mean and standard deviation of the best PscanR score.","3.25","dm6","TXT","https://doi.org/10.5281/zenodo.21821764","2","Drosophila melanogaster",7227,NA,"JASPAR; UCSC","Federico Zambelli <federico.zambelli@unimi.it>","character","FilePath","PscanRBackgrounds/v2/J2020_dm6_200u_50d_UCSC.psbg2.txt","PscanR:Promoter:TFBS:JASPAR2020:dm6:200u_50d"
"PscanR_bg_v2_J2020_dm6_450u_50d_UCSC","PscanR version-2 promoter background for JASPAR 2020 CORE insects motifs (143 matrices) scored on 22454 unique dm6 promoters from 450 bp upstream to 50 bp downstream of the TSS (UCSC ncbiRefSeqCurated annotation). Tab-separated text: motif identifier, number of promoters, mean and standard deviation of the best PscanR score.","3.25","dm6","TXT","https://doi.org/10.5281/zenodo.21821764","2","Drosophila melanogaster",7227,NA,"JASPAR; UCSC","Federico Zambelli <federico.zambelli@unimi.it>","character","FilePath","PscanRBackgrounds/v2/J2020_dm6_450u_50d_UCSC.psbg2.txt","PscanR:Promoter:TFBS:JASPAR2020:dm6:450u_50d"
"PscanR_bg_v2_J2020_dm6_500u_0d_UCSC","PscanR version-2 promoter background for JASPAR 2020 CORE insects motifs (143 matrices) scored on 22460 unique dm6 promoters from 500 bp upstream to 0 bp downstream of the TSS (UCSC ncbiRefSeqCurated annotation). Tab-separated text: motif identifier, number of promoters, mean and standard deviation of the best PscanR score.","3.25","dm6","TXT","https://doi.org/10.5281/zenodo.21821764","2","Drosophila melanogaster",7227,NA,"JASPAR; UCSC","Federico Zambelli <federico.zambelli@unimi.it>","character","FilePath","PscanRBackgrounds/v2/J2020_dm6_500u_0d_UCSC.psbg2.txt","PscanR:Promoter:TFBS:JASPAR2020:dm6:500u_0d"
"PscanR_bg_v2_J2020_dm6_950u_50d_UCSC","PscanR version-2 promoter background for JASPAR 2020 CORE insects motifs (143 matrices) scored on 22511 unique dm6 promoters from 950 bp upstream to 50 bp downstream of the TSS (UCSC ncbiRefSeqCurated annotation). Tab-separated text: motif identifier, number of promoters, mean and standard deviation of the best PscanR score.","3.25","dm6","TXT","https://doi.org/10.5281/zenodo.21821764","2","Drosophila melanogaster",7227,NA,"JASPAR; UCSC","Federico Zambelli <federico.zambelli@unimi.it>","character","FilePath","PscanRBackgrounds/v2/J2020_dm6_950u_50d_UCSC.psbg2.txt","PscanR:Promoter:TFBS:JASPAR2020:dm6:950u_50d"
"PscanR_bg_v2_J2020_dm6_1000u_0d_UCSC","PscanR version-2 promoter background for JASPAR 2020 CORE insects motifs (143 matrices) scored on 22513 unique dm6 promoters from 1000 bp upstream to 0 bp downstream of the TSS (UCSC ncbiRefSeqCurated annotation). Tab-separated text: motif identifier, number of promoters, mean and standard deviation of the best PscanR score.","3.25","dm6","TXT","https://doi.org/10.5281/zenodo.21821764","2","Drosophila melanogaster",7227,NA,"JASPAR; UCSC","Federico Zambelli <federico.zambelli@unimi.it>","character","FilePath","PscanRBackgrounds/v2/J2020_dm6_1000u_0d_UCSC.psbg2.txt","PscanR:Promoter:TFBS:JASPAR2020:dm6:1000u_0d"
"PscanR_bg_v2_J2020_hg38_200u_50d_UCSC","PscanR version-2 promoter background for JASPAR 2020 CORE vertebrates motifs (746 matrices) scored on 39719 unique hg38 promoters from 200 bp upstream to 50 bp downstream of the TSS (UCSC ncbiRefSeqCurated annotation). Tab-separated text: motif identifier, number of promoters, mean and standard deviation of the best PscanR score.","3.25","hg38","TXT","https://doi.org/10.5281/zenodo.21821764","2","Homo sapiens",9606,NA,"JASPAR; UCSC","Federico Zambelli <federico.zambelli@unimi.it>","character","FilePath","PscanRBackgrounds/v2/J2020_hg38_200u_50d_UCSC.psbg2.txt","PscanR:Promoter:TFBS:JASPAR2020:hg38:200u_50d"
"PscanR_bg_v2_J2020_hg38_450u_50d_UCSC","PscanR version-2 promoter background for JASPAR 2020 CORE vertebrates motifs (746 matrices) scored on 39799 unique hg38 promoters from 450 bp upstream to 50 bp downstream of the TSS (UCSC ncbiRefSeqCurated annotation). Tab-separated text: motif identifier, number of promoters, mean and standard deviation of the best PscanR score.","3.25","hg38","TXT","https://doi.org/10.5281/zenodo.21821764","2","Homo sapiens",9606,NA,"JASPAR; UCSC","Federico Zambelli <federico.zambelli@unimi.it>","character","FilePath","PscanRBackgrounds/v2/J2020_hg38_450u_50d_UCSC.psbg2.txt","PscanR:Promoter:TFBS:JASPAR2020:hg38:450u_50d"
"PscanR_bg_v2_J2020_hg38_500u_0d_UCSC","PscanR version-2 promoter background for JASPAR 2020 CORE vertebrates motifs (746 matrices) scored on 39805 unique hg38 promoters from 500 bp upstream to 0 bp downstream of the TSS (UCSC ncbiRefSeqCurated annotation). Tab-separated text: motif identifier, number of promoters, mean and standard deviation of the best PscanR score.","3.25","hg38","TXT","https://doi.org/10.5281/zenodo.21821764","2","Homo sapiens",9606,NA,"JASPAR; UCSC","Federico Zambelli <federico.zambelli@unimi.it>","character","FilePath","PscanRBackgrounds/v2/J2020_hg38_500u_0d_UCSC.psbg2.txt","PscanR:Promoter:TFBS:JASPAR2020:hg38:500u_0d"
"PscanR_bg_v2_J2020_hg38_950u_50d_UCSC","PscanR version-2 promoter background for JASPAR 2020 CORE vertebrates motifs (746 matrices) scored on 39864 unique hg38 promoters from 950 bp upstream to 50 bp downstream of the TSS (UCSC ncbiRefSeqCurated annotation). Tab-separated text: motif identifier, number of promoters, mean and standard deviation of the best PscanR score.","3.25","hg38","TXT","https://doi.org/10.5281/zenodo.21821764","2","Homo sapiens",9606,NA,"JASPAR; UCSC","Federico Zambelli <federico.zambelli@unimi.it>","character","FilePath","PscanRBackgrounds/v2/J2020_hg38_950u_50d_UCSC.psbg2.txt","PscanR:Promoter:TFBS:JASPAR2020:hg38:950u_50d"
"PscanR_bg_v2_J2020_hg38_1000u_0d_UCSC","PscanR version-2 promoter background for JASPAR 2020 CORE vertebrates motifs (746 matrices) scored on 39862 unique hg38 promoters from 1000 bp upstream to 0 bp downstream of the TSS (UCSC ncbiRefSeqCurated annotation). Tab-separated text: motif identifier, number of promoters, mean and standard deviation of the best PscanR score.","3.25","hg38","TXT","https://doi.org/10.5281/zenodo.21821764","2","Homo sapiens",9606,NA,"JASPAR; UCSC","Federico Zambelli <federico.zambelli@unimi.it>","character","FilePath","PscanRBackgrounds/v2/J2020_hg38_1000u_0d_UCSC.psbg2.txt","PscanR:Promoter:TFBS:JASPAR2020:hg38:1000u_0d"
"PscanR_bg_v2_J2020_hs1_200u_50d_UCSC","PscanR version-2 promoter background for JASPAR 2020 CORE vertebrates motifs (746 matrices) scored on 39405 unique hs1 promoters from 200 bp upstream to 50 bp downstream of the TSS (NCBI RefSeq GCF_009914755.1 annotation). Tab-separated text: motif identifier, number of promoters, mean and standard deviation of the best PscanR score.","3.25","hs1","TXT","https://doi.org/10.5281/zenodo.21821764","2","Homo sapiens",9606,NA,"JASPAR; NCBI","Federico Zambelli <federico.zambelli@unimi.it>","character","FilePath","PscanRBackgrounds/v2/J2020_hs1_200u_50d_UCSC.psbg2.txt","PscanR:Promoter:TFBS:JASPAR2020:hs1:200u_50d"
"PscanR_bg_v2_J2020_hs1_450u_50d_UCSC","PscanR version-2 promoter background for JASPAR 2020 CORE vertebrates motifs (746 matrices) scored on 39500 unique hs1 promoters from 450 bp upstream to 50 bp downstream of the TSS (NCBI RefSeq GCF_009914755.1 annotation). Tab-separated text: motif identifier, number of promoters, mean and standard deviation of the best PscanR score.","3.25","hs1","TXT","https://doi.org/10.5281/zenodo.21821764","2","Homo sapiens",9606,NA,"JASPAR; NCBI","Federico Zambelli <federico.zambelli@unimi.it>","character","FilePath","PscanRBackgrounds/v2/J2020_hs1_450u_50d_UCSC.psbg2.txt","PscanR:Promoter:TFBS:JASPAR2020:hs1:450u_50d"
"PscanR_bg_v2_J2020_hs1_500u_0d_UCSC","PscanR version-2 promoter background for JASPAR 2020 CORE vertebrates motifs (746 matrices) scored on 39503 unique hs1 promoters from 500 bp upstream to 0 bp downstream of the TSS (NCBI RefSeq GCF_009914755.1 annotation). Tab-separated text: motif identifier, number of promoters, mean and standard deviation of the best PscanR score.","3.25","hs1","TXT","https://doi.org/10.5281/zenodo.21821764","2","Homo sapiens",9606,NA,"JASPAR; NCBI","Federico Zambelli <federico.zambelli@unimi.it>","character","FilePath","PscanRBackgrounds/v2/J2020_hs1_500u_0d_UCSC.psbg2.txt","PscanR:Promoter:TFBS:JASPAR2020:hs1:500u_0d"
"PscanR_bg_v2_J2020_hs1_950u_50d_UCSC","PscanR version-2 promoter background for JASPAR 2020 CORE vertebrates motifs (746 matrices) scored on 39591 unique hs1 promoters from 950 bp upstream to 50 bp downstream of the TSS (NCBI RefSeq GCF_009914755.1 annotation). Tab-separated text: motif identifier, number of promoters, mean and standard deviation of the best PscanR score.","3.25","hs1","TXT","https://doi.org/10.5281/zenodo.21821764","2","Homo sapiens",9606,NA,"JASPAR; NCBI","Federico Zambelli <federico.zambelli@unimi.it>","character","FilePath","PscanRBackgrounds/v2/J2020_hs1_950u_50d_UCSC.psbg2.txt","PscanR:Promoter:TFBS:JASPAR2020:hs1:950u_50d"
"PscanR_bg_v2_J2020_hs1_1000u_0d_UCSC","PscanR version-2 promoter background for JASPAR 2020 CORE vertebrates motifs (746 matrices) scored on 39591 unique hs1 promoters from 1000 bp upstream to 0 bp downstream of the TSS (NCBI RefSeq GCF_009914755.1 annotation). Tab-separated text: motif identifier, number of promoters, mean and standard deviation of the best PscanR score.","3.25","hs1","TXT","https://doi.org/10.5281/zenodo.21821764","2","Homo sapiens",9606,NA,"JASPAR; NCBI","Federico Zambelli <federico.zambelli@unimi.it>","character","FilePath","PscanRBackgrounds/v2/J2020_hs1_1000u_0d_UCSC.psbg2.txt","PscanR:Promoter:TFBS:JASPAR2020:hs1:1000u_0d"
"PscanR_bg_v2_J2020_mm10_200u_50d_UCSC","PscanR version-2 promoter background for JASPAR 2020 CORE vertebrates motifs (746 matrices) scored on 31383 unique mm10 promoters from 200 bp upstream to 50 bp downstream of the TSS (UCSC ncbiRefSeqCurated annotation). Tab-separated text: motif identifier, number of promoters, mean and standard deviation of the best PscanR score.","3.25","mm10","TXT","https://doi.org/10.5281/zenodo.21821764","2","Mus musculus",10090,NA,"JASPAR; UCSC","Federico Zambelli <federico.zambelli@unimi.it>","character","FilePath","PscanRBackgrounds/v2/J2020_mm10_200u_50d_UCSC.psbg2.txt","PscanR:Promoter:TFBS:JASPAR2020:mm10:200u_50d"
"PscanR_bg_v2_J2020_mm10_450u_50d_UCSC","PscanR version-2 promoter background for JASPAR 2020 CORE vertebrates motifs (746 matrices) scored on 31440 unique mm10 promoters from 450 bp upstream to 50 bp downstream of the TSS (UCSC ncbiRefSeqCurated annotation). Tab-separated text: motif identifier, number of promoters, mean and standard deviation of the best PscanR score.","3.25","mm10","TXT","https://doi.org/10.5281/zenodo.21821764","2","Mus musculus",10090,NA,"JASPAR; UCSC","Federico Zambelli <federico.zambelli@unimi.it>","character","FilePath","PscanRBackgrounds/v2/J2020_mm10_450u_50d_UCSC.psbg2.txt","PscanR:Promoter:TFBS:JASPAR2020:mm10:450u_50d"
"PscanR_bg_v2_J2020_mm10_500u_0d_UCSC","PscanR version-2 promoter background for JASPAR 2020 CORE vertebrates motifs (746 matrices) scored on 31443 unique mm10 promoters from 500 bp upstream to 0 bp downstream of the TSS (UCSC ncbiRefSeqCurated annotation). Tab-separated text: motif identifier, number of promoters, mean and standard deviation of the best PscanR score.","3.25","mm10","TXT","https://doi.org/10.5281/zenodo.21821764","2","Mus musculus",10090,NA,"JASPAR; UCSC","Federico Zambelli <federico.zambelli@unimi.it>","character","FilePath","PscanRBackgrounds/v2/J2020_mm10_500u_0d_UCSC.psbg2.txt","PscanR:Promoter:TFBS:JASPAR2020:mm10:500u_0d"
"PscanR_bg_v2_J2020_mm10_950u_50d_UCSC","PscanR version-2 promoter background for JASPAR 2020 CORE vertebrates motifs (746 matrices) scored on 31504 unique mm10 promoters from 950 bp upstream to 50 bp downstream of the TSS (UCSC ncbiRefSeqCurated annotation). Tab-separated text: motif identifier, number of promoters, mean and standard deviation of the best PscanR score.","3.25","mm10","TXT","https://doi.org/10.5281/zenodo.21821764","2","Mus musculus",10090,NA,"JASPAR; UCSC","Federico Zambelli <federico.zambelli@unimi.it>","character","FilePath","PscanRBackgrounds/v2/J2020_mm10_950u_50d_UCSC.psbg2.txt","PscanR:Promoter:TFBS:JASPAR2020:mm10:950u_50d"
"PscanR_bg_v2_J2020_mm10_1000u_0d_UCSC","PscanR version-2 promoter background for JASPAR 2020 CORE vertebrates motifs (746 matrices) scored on 31508 unique mm10 promoters from 1000 bp upstream to 0 bp downstream of the TSS (UCSC ncbiRefSeqCurated annotation). Tab-separated text: motif identifier, number of promoters, mean and standard deviation of the best PscanR score.","3.25","mm10","TXT","https://doi.org/10.5281/zenodo.21821764","2","Mus musculus",10090,NA,"JASPAR; UCSC","Federico Zambelli <federico.zambelli@unimi.it>","character","FilePath","PscanRBackgrounds/v2/J2020_mm10_1000u_0d_UCSC.psbg2.txt","PscanR:Promoter:TFBS:JASPAR2020:mm10:1000u_0d"
"PscanR_bg_v2_J2020_mm39_200u_50d_UCSC","PscanR version-2 promoter background for JASPAR 2020 CORE vertebrates motifs (746 matrices) scored on 33248 unique mm39 promoters from 200 bp upstream to 50 bp downstream of the TSS (UCSC ncbiRefSeqCurated annotation). Tab-separated text: motif identifier, number of promoters, mean and standard deviation of the best PscanR score.","3.25","mm39","TXT","https://doi.org/10.5281/zenodo.21821764","2","Mus musculus",10090,NA,"JASPAR; UCSC","Federico Zambelli <federico.zambelli@unimi.it>","character","FilePath","PscanRBackgrounds/v2/J2020_mm39_200u_50d_UCSC.psbg2.txt","PscanR:Promoter:TFBS:JASPAR2020:mm39:200u_50d"
"PscanR_bg_v2_J2020_mm39_450u_50d_UCSC","PscanR version-2 promoter background for JASPAR 2020 CORE vertebrates motifs (746 matrices) scored on 33308 unique mm39 promoters from 450 bp upstream to 50 bp downstream of the TSS (UCSC ncbiRefSeqCurated annotation). Tab-separated text: motif identifier, number of promoters, mean and standard deviation of the best PscanR score.","3.25","mm39","TXT","https://doi.org/10.5281/zenodo.21821764","2","Mus musculus",10090,NA,"JASPAR; UCSC","Federico Zambelli <federico.zambelli@unimi.it>","character","FilePath","PscanRBackgrounds/v2/J2020_mm39_450u_50d_UCSC.psbg2.txt","PscanR:Promoter:TFBS:JASPAR2020:mm39:450u_50d"
"PscanR_bg_v2_J2020_mm39_500u_0d_UCSC","PscanR version-2 promoter background for JASPAR 2020 CORE vertebrates motifs (746 matrices) scored on 33312 unique mm39 promoters from 500 bp upstream to 0 bp downstream of the TSS (UCSC ncbiRefSeqCurated annotation). Tab-separated text: motif identifier, number of promoters, mean and standard deviation of the best PscanR score.","3.25","mm39","TXT","https://doi.org/10.5281/zenodo.21821764","2","Mus musculus",10090,NA,"JASPAR; UCSC","Federico Zambelli <federico.zambelli@unimi.it>","character","FilePath","PscanRBackgrounds/v2/J2020_mm39_500u_0d_UCSC.psbg2.txt","PscanR:Promoter:TFBS:JASPAR2020:mm39:500u_0d"
"PscanR_bg_v2_J2020_mm39_950u_50d_UCSC","PscanR version-2 promoter background for JASPAR 2020 CORE vertebrates motifs (746 matrices) scored on 33374 unique mm39 promoters from 950 bp upstream to 50 bp downstream of the TSS (UCSC ncbiRefSeqCurated annotation). Tab-separated text: motif identifier, number of promoters, mean and standard deviation of the best PscanR score.","3.25","mm39","TXT","https://doi.org/10.5281/zenodo.21821764","2","Mus musculus",10090,NA,"JASPAR; UCSC","Federico Zambelli <federico.zambelli@unimi.it>","character","FilePath","PscanRBackgrounds/v2/J2020_mm39_950u_50d_UCSC.psbg2.txt","PscanR:Promoter:TFBS:JASPAR2020:mm39:950u_50d"
"PscanR_bg_v2_J2020_mm39_1000u_0d_UCSC","PscanR version-2 promoter background for JASPAR 2020 CORE vertebrates motifs (746 matrices) scored on 33378 unique mm39 promoters from 1000 bp upstream to 0 bp downstream of the TSS (UCSC ncbiRefSeqCurated annotation). Tab-separated text: motif identifier, number of promoters, mean and standard deviation of the best PscanR score.","3.25","mm39","TXT","https://doi.org/10.5281/zenodo.21821764","2","Mus musculus",10090,NA,"JASPAR; UCSC","Federico Zambelli <federico.zambelli@unimi.it>","character","FilePath","PscanRBackgrounds/v2/J2020_mm39_1000u_0d_UCSC.psbg2.txt","PscanR:Promoter:TFBS:JASPAR2020:mm39:1000u_0d"
"PscanR_bg_v2_J2020_sacCer3_200u_50d_UCSC","PscanR version-2 promoter background for JASPAR 2020 CORE fungi motifs (183 matrices) scored on 6544 unique sacCer3 promoters from 200 bp upstream to 50 bp downstream of the TSS (UCSC sgdGene annotation). Tab-separated text: motif identifier, number of promoters, mean and standard deviation of the best PscanR score.","3.25","sacCer3","TXT","https://doi.org/10.5281/zenodo.21821764","2","Saccharomyces cerevisiae",4932,NA,"JASPAR; UCSC","Federico Zambelli <federico.zambelli@unimi.it>","character","FilePath","PscanRBackgrounds/v2/J2020_sacCer3_200u_50d_UCSC.psbg2.txt","PscanR:Promoter:TFBS:JASPAR2020:sacCer3:200u_50d"
"PscanR_bg_v2_J2020_sacCer3_450u_50d_UCSC","PscanR version-2 promoter background for JASPAR 2020 CORE fungi motifs (183 matrices) scored on 6570 unique sacCer3 promoters from 450 bp upstream to 50 bp downstream of the TSS (UCSC sgdGene annotation). Tab-separated text: motif identifier, number of promoters, mean and standard deviation of the best PscanR score.","3.25","sacCer3","TXT","https://doi.org/10.5281/zenodo.21821764","2","Saccharomyces cerevisiae",4932,NA,"JASPAR; UCSC","Federico Zambelli <federico.zambelli@unimi.it>","character","FilePath","PscanRBackgrounds/v2/J2020_sacCer3_450u_50d_UCSC.psbg2.txt","PscanR:Promoter:TFBS:JASPAR2020:sacCer3:450u_50d"
"PscanR_bg_v2_J2020_sacCer3_500u_0d_UCSC","PscanR version-2 promoter background for JASPAR 2020 CORE fungi motifs (183 matrices) scored on 6571 unique sacCer3 promoters from 500 bp upstream to 0 bp downstream of the TSS (UCSC sgdGene annotation). Tab-separated text: motif identifier, number of promoters, mean and standard deviation of the best PscanR score.","3.25","sacCer3","TXT","https://doi.org/10.5281/zenodo.21821764","2","Saccharomyces cerevisiae",4932,NA,"JASPAR; UCSC","Federico Zambelli <federico.zambelli@unimi.it>","character","FilePath","PscanRBackgrounds/v2/J2020_sacCer3_500u_0d_UCSC.psbg2.txt","PscanR:Promoter:TFBS:JASPAR2020:sacCer3:500u_0d"
"PscanR_bg_v2_J2020_sacCer3_950u_50d_UCSC","PscanR version-2 promoter background for JASPAR 2020 CORE fungi motifs (183 matrices) scored on 6571 unique sacCer3 promoters from 950 bp upstream to 50 bp downstream of the TSS (UCSC sgdGene annotation). Tab-separated text: motif identifier, number of promoters, mean and standard deviation of the best PscanR score.","3.25","sacCer3","TXT","https://doi.org/10.5281/zenodo.21821764","2","Saccharomyces cerevisiae",4932,NA,"JASPAR; UCSC","Federico Zambelli <federico.zambelli@unimi.it>","character","FilePath","PscanRBackgrounds/v2/J2020_sacCer3_950u_50d_UCSC.psbg2.txt","PscanR:Promoter:TFBS:JASPAR2020:sacCer3:950u_50d"
"PscanR_bg_v2_J2020_sacCer3_1000u_0d_UCSC","PscanR version-2 promoter background for JASPAR 2020 CORE fungi motifs (183 matrices) scored on 6571 unique sacCer3 promoters from 1000 bp upstream to 0 bp downstream of the TSS (UCSC sgdGene annotation). Tab-separated text: motif identifier, number of promoters, mean and standard deviation of the best PscanR score.","3.25","sacCer3","TXT","https://doi.org/10.5281/zenodo.21821764","2","Saccharomyces cerevisiae",4932,NA,"JASPAR; UCSC","Federico Zambelli <federico.zambelli@unimi.it>","character","FilePath","PscanRBackgrounds/v2/J2020_sacCer3_1000u_0d_UCSC.psbg2.txt","PscanR:Promoter:TFBS:JASPAR2020:sacCer3:1000u_0d"
"PscanR_bg_v2_J2020_TAIR9_200u_50d_TAIR","PscanR version-2 promoter background for JASPAR 2020 CORE plants motifs (530 matrices) scored on 36331 unique TAIR9 promoters from 200 bp upstream to 50 bp downstream of the TSS (TAIR9 GFF3 annotation). Tab-separated text: motif identifier, number of promoters, mean and standard deviation of the best PscanR score.","3.25","TAIR9","TXT","https://doi.org/10.5281/zenodo.21821764","2","Arabidopsis thaliana",3702,NA,"JASPAR; TAIR","Federico Zambelli <federico.zambelli@unimi.it>","character","FilePath","PscanRBackgrounds/v2/J2020_TAIR9_200u_50d_TAIR.psbg2.txt","PscanR:Promoter:TFBS:JASPAR2020:TAIR9:200u_50d"
"PscanR_bg_v2_J2020_TAIR9_450u_50d_TAIR","PscanR version-2 promoter background for JASPAR 2020 CORE plants motifs (530 matrices) scored on 36368 unique TAIR9 promoters from 450 bp upstream to 50 bp downstream of the TSS (TAIR9 GFF3 annotation). Tab-separated text: motif identifier, number of promoters, mean and standard deviation of the best PscanR score.","3.25","TAIR9","TXT","https://doi.org/10.5281/zenodo.21821764","2","Arabidopsis thaliana",3702,NA,"JASPAR; TAIR","Federico Zambelli <federico.zambelli@unimi.it>","character","FilePath","PscanRBackgrounds/v2/J2020_TAIR9_450u_50d_TAIR.psbg2.txt","PscanR:Promoter:TFBS:JASPAR2020:TAIR9:450u_50d"
"PscanR_bg_v2_J2020_TAIR9_500u_0d_TAIR","PscanR version-2 promoter background for JASPAR 2020 CORE plants motifs (530 matrices) scored on 36371 unique TAIR9 promoters from 500 bp upstream to 0 bp downstream of the TSS (TAIR9 GFF3 annotation). Tab-separated text: motif identifier, number of promoters, mean and standard deviation of the best PscanR score.","3.25","TAIR9","TXT","https://doi.org/10.5281/zenodo.21821764","2","Arabidopsis thaliana",3702,NA,"JASPAR; TAIR","Federico Zambelli <federico.zambelli@unimi.it>","character","FilePath","PscanRBackgrounds/v2/J2020_TAIR9_500u_0d_TAIR.psbg2.txt","PscanR:Promoter:TFBS:JASPAR2020:TAIR9:500u_0d"
"PscanR_bg_v2_J2020_TAIR9_950u_50d_TAIR","PscanR version-2 promoter background for JASPAR 2020 CORE plants motifs (530 matrices) scored on 36406 unique TAIR9 promoters from 950 bp upstream to 50 bp downstream of the TSS (TAIR9 GFF3 annotation). Tab-separated text: motif identifier, number of promoters, mean and standard deviation of the best PscanR score.","3.25","TAIR9","TXT","https://doi.org/10.5281/zenodo.21821764","2","Arabidopsis thaliana",3702,NA,"JASPAR; TAIR","Federico Zambelli <federico.zambelli@unimi.it>","character","FilePath","PscanRBackgrounds/v2/J2020_TAIR9_950u_50d_TAIR.psbg2.txt","PscanR:Promoter:TFBS:JASPAR2020:TAIR9:950u_50d"
"PscanR_bg_v2_J2020_TAIR9_1000u_0d_TAIR","PscanR version-2 promoter background for JASPAR 2020 CORE plants motifs (530 matrices) scored on 36405 unique TAIR9 promoters from 1000 bp upstream to 0 bp downstream of the TSS (TAIR9 GFF3 annotation). Tab-separated text: motif identifier, number of promoters, mean and standard deviation of the best PscanR score.","3.25","TAIR9","TXT","https://doi.org/10.5281/zenodo.21821764","2","Arabidopsis thaliana",3702,NA,"JASPAR; TAIR","Federico Zambelli <federico.zambelli@unimi.it>","character","FilePath","PscanRBackgrounds/v2/J2020_TAIR9_1000u_0d_TAIR.psbg2.txt","PscanR:Promoter:TFBS:JASPAR2020:TAIR9:1000u_0d"
"PscanR_bg_v2_J2022_dm6_200u_50d_UCSC","PscanR version-2 promoter background for JASPAR 2022 CORE insects motifs (150 matrices) scored on 22400 unique dm6 promoters from 200 bp upstream to 50 bp downstream of the TSS (UCSC ncbiRefSeqCurated annotation). Tab-separated text: motif identifier, number of promoters, mean and standard deviation of the best PscanR score.","3.25","dm6","TXT","https://doi.org/10.5281/zenodo.21821764","2","Drosophila melanogaster",7227,NA,"JASPAR; UCSC","Federico Zambelli <federico.zambelli@unimi.it>","character","FilePath","PscanRBackgrounds/v2/J2022_dm6_200u_50d_UCSC.psbg2.txt","PscanR:Promoter:TFBS:JASPAR2022:dm6:200u_50d"
"PscanR_bg_v2_J2022_dm6_450u_50d_UCSC","PscanR version-2 promoter background for JASPAR 2022 CORE insects motifs (150 matrices) scored on 22454 unique dm6 promoters from 450 bp upstream to 50 bp downstream of the TSS (UCSC ncbiRefSeqCurated annotation). Tab-separated text: motif identifier, number of promoters, mean and standard deviation of the best PscanR score.","3.25","dm6","TXT","https://doi.org/10.5281/zenodo.21821764","2","Drosophila melanogaster",7227,NA,"JASPAR; UCSC","Federico Zambelli <federico.zambelli@unimi.it>","character","FilePath","PscanRBackgrounds/v2/J2022_dm6_450u_50d_UCSC.psbg2.txt","PscanR:Promoter:TFBS:JASPAR2022:dm6:450u_50d"
"PscanR_bg_v2_J2022_dm6_500u_0d_UCSC","PscanR version-2 promoter background for JASPAR 2022 CORE insects motifs (150 matrices) scored on 22460 unique dm6 promoters from 500 bp upstream to 0 bp downstream of the TSS (UCSC ncbiRefSeqCurated annotation). Tab-separated text: motif identifier, number of promoters, mean and standard deviation of the best PscanR score.","3.25","dm6","TXT","https://doi.org/10.5281/zenodo.21821764","2","Drosophila melanogaster",7227,NA,"JASPAR; UCSC","Federico Zambelli <federico.zambelli@unimi.it>","character","FilePath","PscanRBackgrounds/v2/J2022_dm6_500u_0d_UCSC.psbg2.txt","PscanR:Promoter:TFBS:JASPAR2022:dm6:500u_0d"
"PscanR_bg_v2_J2022_dm6_950u_50d_UCSC","PscanR version-2 promoter background for JASPAR 2022 CORE insects motifs (150 matrices) scored on 22511 unique dm6 promoters from 950 bp upstream to 50 bp downstream of the TSS (UCSC ncbiRefSeqCurated annotation). Tab-separated text: motif identifier, number of promoters, mean and standard deviation of the best PscanR score.","3.25","dm6","TXT","https://doi.org/10.5281/zenodo.21821764","2","Drosophila melanogaster",7227,NA,"JASPAR; UCSC","Federico Zambelli <federico.zambelli@unimi.it>","character","FilePath","PscanRBackgrounds/v2/J2022_dm6_950u_50d_UCSC.psbg2.txt","PscanR:Promoter:TFBS:JASPAR2022:dm6:950u_50d"
"PscanR_bg_v2_J2022_dm6_1000u_0d_UCSC","PscanR version-2 promoter background for JASPAR 2022 CORE insects motifs (150 matrices) scored on 22513 unique dm6 promoters from 1000 bp upstream to 0 bp downstream of the TSS (UCSC ncbiRefSeqCurated annotation). Tab-separated text: motif identifier, number of promoters, mean and standard deviation of the best PscanR score.","3.25","dm6","TXT","https://doi.org/10.5281/zenodo.21821764","2","Drosophila melanogaster",7227,NA,"JASPAR; UCSC","Federico Zambelli <federico.zambelli@unimi.it>","character","FilePath","PscanRBackgrounds/v2/J2022_dm6_1000u_0d_UCSC.psbg2.txt","PscanR:Promoter:TFBS:JASPAR2022:dm6:1000u_0d"
"PscanR_bg_v2_J2022_hg38_200u_50d_UCSC","PscanR version-2 promoter background for JASPAR 2022 CORE vertebrates motifs (841 matrices) scored on 39719 unique hg38 promoters from 200 bp upstream to 50 bp downstream of the TSS (UCSC ncbiRefSeqCurated annotation). Tab-separated text: motif identifier, number of promoters, mean and standard deviation of the best PscanR score.","3.25","hg38","TXT","https://doi.org/10.5281/zenodo.21821764","2","Homo sapiens",9606,NA,"JASPAR; UCSC","Federico Zambelli <federico.zambelli@unimi.it>","character","FilePath","PscanRBackgrounds/v2/J2022_hg38_200u_50d_UCSC.psbg2.txt","PscanR:Promoter:TFBS:JASPAR2022:hg38:200u_50d"
"PscanR_bg_v2_J2022_hg38_450u_50d_UCSC","PscanR version-2 promoter background for JASPAR 2022 CORE vertebrates motifs (841 matrices) scored on 39799 unique hg38 promoters from 450 bp upstream to 50 bp downstream of the TSS (UCSC ncbiRefSeqCurated annotation). Tab-separated text: motif identifier, number of promoters, mean and standard deviation of the best PscanR score.","3.25","hg38","TXT","https://doi.org/10.5281/zenodo.21821764","2","Homo sapiens",9606,NA,"JASPAR; UCSC","Federico Zambelli <federico.zambelli@unimi.it>","character","FilePath","PscanRBackgrounds/v2/J2022_hg38_450u_50d_UCSC.psbg2.txt","PscanR:Promoter:TFBS:JASPAR2022:hg38:450u_50d"
"PscanR_bg_v2_J2022_hg38_500u_0d_UCSC","PscanR version-2 promoter background for JASPAR 2022 CORE vertebrates motifs (841 matrices) scored on 39805 unique hg38 promoters from 500 bp upstream to 0 bp downstream of the TSS (UCSC ncbiRefSeqCurated annotation). Tab-separated text: motif identifier, number of promoters, mean and standard deviation of the best PscanR score.","3.25","hg38","TXT","https://doi.org/10.5281/zenodo.21821764","2","Homo sapiens",9606,NA,"JASPAR; UCSC","Federico Zambelli <federico.zambelli@unimi.it>","character","FilePath","PscanRBackgrounds/v2/J2022_hg38_500u_0d_UCSC.psbg2.txt","PscanR:Promoter:TFBS:JASPAR2022:hg38:500u_0d"
"PscanR_bg_v2_J2022_hg38_950u_50d_UCSC","PscanR version-2 promoter background for JASPAR 2022 CORE vertebrates motifs (841 matrices) scored on 39864 unique hg38 promoters from 950 bp upstream to 50 bp downstream of the TSS (UCSC ncbiRefSeqCurated annotation). Tab-separated text: motif identifier, number of promoters, mean and standard deviation of the best PscanR score.","3.25","hg38","TXT","https://doi.org/10.5281/zenodo.21821764","2","Homo sapiens",9606,NA,"JASPAR; UCSC","Federico Zambelli <federico.zambelli@unimi.it>","character","FilePath","PscanRBackgrounds/v2/J2022_hg38_950u_50d_UCSC.psbg2.txt","PscanR:Promoter:TFBS:JASPAR2022:hg38:950u_50d"
"PscanR_bg_v2_J2022_hg38_1000u_0d_UCSC","PscanR version-2 promoter background for JASPAR 2022 CORE vertebrates motifs (841 matrices) scored on 39862 unique hg38 promoters from 1000 bp upstream to 0 bp downstream of the TSS (UCSC ncbiRefSeqCurated annotation). Tab-separated text: motif identifier, number of promoters, mean and standard deviation of the best PscanR score.","3.25","hg38","TXT","https://doi.org/10.5281/zenodo.21821764","2","Homo sapiens",9606,NA,"JASPAR; UCSC","Federico Zambelli <federico.zambelli@unimi.it>","character","FilePath","PscanRBackgrounds/v2/J2022_hg38_1000u_0d_UCSC.psbg2.txt","PscanR:Promoter:TFBS:JASPAR2022:hg38:1000u_0d"
"PscanR_bg_v2_J2022_hs1_200u_50d_UCSC","PscanR version-2 promoter background for JASPAR 2022 CORE vertebrates motifs (841 matrices) scored on 39405 unique hs1 promoters from 200 bp upstream to 50 bp downstream of the TSS (NCBI RefSeq GCF_009914755.1 annotation). Tab-separated text: motif identifier, number of promoters, mean and standard deviation of the best PscanR score.","3.25","hs1","TXT","https://doi.org/10.5281/zenodo.21821764","2","Homo sapiens",9606,NA,"JASPAR; NCBI","Federico Zambelli <federico.zambelli@unimi.it>","character","FilePath","PscanRBackgrounds/v2/J2022_hs1_200u_50d_UCSC.psbg2.txt","PscanR:Promoter:TFBS:JASPAR2022:hs1:200u_50d"
"PscanR_bg_v2_J2022_hs1_450u_50d_UCSC","PscanR version-2 promoter background for JASPAR 2022 CORE vertebrates motifs (841 matrices) scored on 39500 unique hs1 promoters from 450 bp upstream to 50 bp downstream of the TSS (NCBI RefSeq GCF_009914755.1 annotation). Tab-separated text: motif identifier, number of promoters, mean and standard deviation of the best PscanR score.","3.25","hs1","TXT","https://doi.org/10.5281/zenodo.21821764","2","Homo sapiens",9606,NA,"JASPAR; NCBI","Federico Zambelli <federico.zambelli@unimi.it>","character","FilePath","PscanRBackgrounds/v2/J2022_hs1_450u_50d_UCSC.psbg2.txt","PscanR:Promoter:TFBS:JASPAR2022:hs1:450u_50d"
"PscanR_bg_v2_J2022_hs1_500u_0d_UCSC","PscanR version-2 promoter background for JASPAR 2022 CORE vertebrates motifs (841 matrices) scored on 39503 unique hs1 promoters from 500 bp upstream to 0 bp downstream of the TSS (NCBI RefSeq GCF_009914755.1 annotation). Tab-separated text: motif identifier, number of promoters, mean and standard deviation of the best PscanR score.","3.25","hs1","TXT","https://doi.org/10.5281/zenodo.21821764","2","Homo sapiens",9606,NA,"JASPAR; NCBI","Federico Zambelli <federico.zambelli@unimi.it>","character","FilePath","PscanRBackgrounds/v2/J2022_hs1_500u_0d_UCSC.psbg2.txt","PscanR:Promoter:TFBS:JASPAR2022:hs1:500u_0d"
"PscanR_bg_v2_J2022_hs1_950u_50d_UCSC","PscanR version-2 promoter background for JASPAR 2022 CORE vertebrates motifs (841 matrices) scored on 39591 unique hs1 promoters from 950 bp upstream to 50 bp downstream of the TSS (NCBI RefSeq GCF_009914755.1 annotation). Tab-separated text: motif identifier, number of promoters, mean and standard deviation of the best PscanR score.","3.25","hs1","TXT","https://doi.org/10.5281/zenodo.21821764","2","Homo sapiens",9606,NA,"JASPAR; NCBI","Federico Zambelli <federico.zambelli@unimi.it>","character","FilePath","PscanRBackgrounds/v2/J2022_hs1_950u_50d_UCSC.psbg2.txt","PscanR:Promoter:TFBS:JASPAR2022:hs1:950u_50d"
"PscanR_bg_v2_J2022_hs1_1000u_0d_UCSC","PscanR version-2 promoter background for JASPAR 2022 CORE vertebrates motifs (841 matrices) scored on 39591 unique hs1 promoters from 1000 bp upstream to 0 bp downstream of the TSS (NCBI RefSeq GCF_009914755.1 annotation). Tab-separated text: motif identifier, number of promoters, mean and standard deviation of the best PscanR score.","3.25","hs1","TXT","https://doi.org/10.5281/zenodo.21821764","2","Homo sapiens",9606,NA,"JASPAR; NCBI","Federico Zambelli <federico.zambelli@unimi.it>","character","FilePath","PscanRBackgrounds/v2/J2022_hs1_1000u_0d_UCSC.psbg2.txt","PscanR:Promoter:TFBS:JASPAR2022:hs1:1000u_0d"
"PscanR_bg_v2_J2022_mm10_200u_50d_UCSC","PscanR version-2 promoter background for JASPAR 2022 CORE vertebrates motifs (841 matrices) scored on 31383 unique mm10 promoters from 200 bp upstream to 50 bp downstream of the TSS (UCSC ncbiRefSeqCurated annotation). Tab-separated text: motif identifier, number of promoters, mean and standard deviation of the best PscanR score.","3.25","mm10","TXT","https://doi.org/10.5281/zenodo.21821764","2","Mus musculus",10090,NA,"JASPAR; UCSC","Federico Zambelli <federico.zambelli@unimi.it>","character","FilePath","PscanRBackgrounds/v2/J2022_mm10_200u_50d_UCSC.psbg2.txt","PscanR:Promoter:TFBS:JASPAR2022:mm10:200u_50d"
"PscanR_bg_v2_J2022_mm10_450u_50d_UCSC","PscanR version-2 promoter background for JASPAR 2022 CORE vertebrates motifs (841 matrices) scored on 31440 unique mm10 promoters from 450 bp upstream to 50 bp downstream of the TSS (UCSC ncbiRefSeqCurated annotation). Tab-separated text: motif identifier, number of promoters, mean and standard deviation of the best PscanR score.","3.25","mm10","TXT","https://doi.org/10.5281/zenodo.21821764","2","Mus musculus",10090,NA,"JASPAR; UCSC","Federico Zambelli <federico.zambelli@unimi.it>","character","FilePath","PscanRBackgrounds/v2/J2022_mm10_450u_50d_UCSC.psbg2.txt","PscanR:Promoter:TFBS:JASPAR2022:mm10:450u_50d"
"PscanR_bg_v2_J2022_mm10_500u_0d_UCSC","PscanR version-2 promoter background for JASPAR 2022 CORE vertebrates motifs (841 matrices) scored on 31443 unique mm10 promoters from 500 bp upstream to 0 bp downstream of the TSS (UCSC ncbiRefSeqCurated annotation). Tab-separated text: motif identifier, number of promoters, mean and standard deviation of the best PscanR score.","3.25","mm10","TXT","https://doi.org/10.5281/zenodo.21821764","2","Mus musculus",10090,NA,"JASPAR; UCSC","Federico Zambelli <federico.zambelli@unimi.it>","character","FilePath","PscanRBackgrounds/v2/J2022_mm10_500u_0d_UCSC.psbg2.txt","PscanR:Promoter:TFBS:JASPAR2022:mm10:500u_0d"
"PscanR_bg_v2_J2022_mm10_950u_50d_UCSC","PscanR version-2 promoter background for JASPAR 2022 CORE vertebrates motifs (841 matrices) scored on 31504 unique mm10 promoters from 950 bp upstream to 50 bp downstream of the TSS (UCSC ncbiRefSeqCurated annotation). Tab-separated text: motif identifier, number of promoters, mean and standard deviation of the best PscanR score.","3.25","mm10","TXT","https://doi.org/10.5281/zenodo.21821764","2","Mus musculus",10090,NA,"JASPAR; UCSC","Federico Zambelli <federico.zambelli@unimi.it>","character","FilePath","PscanRBackgrounds/v2/J2022_mm10_950u_50d_UCSC.psbg2.txt","PscanR:Promoter:TFBS:JASPAR2022:mm10:950u_50d"
"PscanR_bg_v2_J2022_mm10_1000u_0d_UCSC","PscanR version-2 promoter background for JASPAR 2022 CORE vertebrates motifs (841 matrices) scored on 31508 unique mm10 promoters from 1000 bp upstream to 0 bp downstream of the TSS (UCSC ncbiRefSeqCurated annotation). Tab-separated text: motif identifier, number of promoters, mean and standard deviation of the best PscanR score.","3.25","mm10","TXT","https://doi.org/10.5281/zenodo.21821764","2","Mus musculus",10090,NA,"JASPAR; UCSC","Federico Zambelli <federico.zambelli@unimi.it>","character","FilePath","PscanRBackgrounds/v2/J2022_mm10_1000u_0d_UCSC.psbg2.txt","PscanR:Promoter:TFBS:JASPAR2022:mm10:1000u_0d"
"PscanR_bg_v2_J2022_mm39_200u_50d_UCSC","PscanR version-2 promoter background for JASPAR 2022 CORE vertebrates motifs (841 matrices) scored on 33248 unique mm39 promoters from 200 bp upstream to 50 bp downstream of the TSS (UCSC ncbiRefSeqCurated annotation). Tab-separated text: motif identifier, number of promoters, mean and standard deviation of the best PscanR score.","3.25","mm39","TXT","https://doi.org/10.5281/zenodo.21821764","2","Mus musculus",10090,NA,"JASPAR; UCSC","Federico Zambelli <federico.zambelli@unimi.it>","character","FilePath","PscanRBackgrounds/v2/J2022_mm39_200u_50d_UCSC.psbg2.txt","PscanR:Promoter:TFBS:JASPAR2022:mm39:200u_50d"
"PscanR_bg_v2_J2022_mm39_450u_50d_UCSC","PscanR version-2 promoter background for JASPAR 2022 CORE vertebrates motifs (841 matrices) scored on 33308 unique mm39 promoters from 450 bp upstream to 50 bp downstream of the TSS (UCSC ncbiRefSeqCurated annotation). Tab-separated text: motif identifier, number of promoters, mean and standard deviation of the best PscanR score.","3.25","mm39","TXT","https://doi.org/10.5281/zenodo.21821764","2","Mus musculus",10090,NA,"JASPAR; UCSC","Federico Zambelli <federico.zambelli@unimi.it>","character","FilePath","PscanRBackgrounds/v2/J2022_mm39_450u_50d_UCSC.psbg2.txt","PscanR:Promoter:TFBS:JASPAR2022:mm39:450u_50d"
"PscanR_bg_v2_J2022_mm39_500u_0d_UCSC","PscanR version-2 promoter background for JASPAR 2022 CORE vertebrates motifs (841 matrices) scored on 33312 unique mm39 promoters from 500 bp upstream to 0 bp downstream of the TSS (UCSC ncbiRefSeqCurated annotation). Tab-separated text: motif identifier, number of promoters, mean and standard deviation of the best PscanR score.","3.25","mm39","TXT","https://doi.org/10.5281/zenodo.21821764","2","Mus musculus",10090,NA,"JASPAR; UCSC","Federico Zambelli <federico.zambelli@unimi.it>","character","FilePath","PscanRBackgrounds/v2/J2022_mm39_500u_0d_UCSC.psbg2.txt","PscanR:Promoter:TFBS:JASPAR2022:mm39:500u_0d"
"PscanR_bg_v2_J2022_mm39_950u_50d_UCSC","PscanR version-2 promoter background for JASPAR 2022 CORE vertebrates motifs (841 matrices) scored on 33374 unique mm39 promoters from 950 bp upstream to 50 bp downstream of the TSS (UCSC ncbiRefSeqCurated annotation). Tab-separated text: motif identifier, number of promoters, mean and standard deviation of the best PscanR score.","3.25","mm39","TXT","https://doi.org/10.5281/zenodo.21821764","2","Mus musculus",10090,NA,"JASPAR; UCSC","Federico Zambelli <federico.zambelli@unimi.it>","character","FilePath","PscanRBackgrounds/v2/J2022_mm39_950u_50d_UCSC.psbg2.txt","PscanR:Promoter:TFBS:JASPAR2022:mm39:950u_50d"
"PscanR_bg_v2_J2022_mm39_1000u_0d_UCSC","PscanR version-2 promoter background for JASPAR 2022 CORE vertebrates motifs (841 matrices) scored on 33378 unique mm39 promoters from 1000 bp upstream to 0 bp downstream of the TSS (UCSC ncbiRefSeqCurated annotation). Tab-separated text: motif identifier, number of promoters, mean and standard deviation of the best PscanR score.","3.25","mm39","TXT","https://doi.org/10.5281/zenodo.21821764","2","Mus musculus",10090,NA,"JASPAR; UCSC","Federico Zambelli <federico.zambelli@unimi.it>","character","FilePath","PscanRBackgrounds/v2/J2022_mm39_1000u_0d_UCSC.psbg2.txt","PscanR:Promoter:TFBS:JASPAR2022:mm39:1000u_0d"
"PscanR_bg_v2_J2022_sacCer3_200u_50d_UCSC","PscanR version-2 promoter background for JASPAR 2022 CORE fungi motifs (179 matrices) scored on 6544 unique sacCer3 promoters from 200 bp upstream to 50 bp downstream of the TSS (UCSC sgdGene annotation). Tab-separated text: motif identifier, number of promoters, mean and standard deviation of the best PscanR score.","3.25","sacCer3","TXT","https://doi.org/10.5281/zenodo.21821764","2","Saccharomyces cerevisiae",4932,NA,"JASPAR; UCSC","Federico Zambelli <federico.zambelli@unimi.it>","character","FilePath","PscanRBackgrounds/v2/J2022_sacCer3_200u_50d_UCSC.psbg2.txt","PscanR:Promoter:TFBS:JASPAR2022:sacCer3:200u_50d"
"PscanR_bg_v2_J2022_sacCer3_450u_50d_UCSC","PscanR version-2 promoter background for JASPAR 2022 CORE fungi motifs (179 matrices) scored on 6570 unique sacCer3 promoters from 450 bp upstream to 50 bp downstream of the TSS (UCSC sgdGene annotation). Tab-separated text: motif identifier, number of promoters, mean and standard deviation of the best PscanR score.","3.25","sacCer3","TXT","https://doi.org/10.5281/zenodo.21821764","2","Saccharomyces cerevisiae",4932,NA,"JASPAR; UCSC","Federico Zambelli <federico.zambelli@unimi.it>","character","FilePath","PscanRBackgrounds/v2/J2022_sacCer3_450u_50d_UCSC.psbg2.txt","PscanR:Promoter:TFBS:JASPAR2022:sacCer3:450u_50d"
"PscanR_bg_v2_J2022_sacCer3_500u_0d_UCSC","PscanR version-2 promoter background for JASPAR 2022 CORE fungi motifs (179 matrices) scored on 6571 unique sacCer3 promoters from 500 bp upstream to 0 bp downstream of the TSS (UCSC sgdGene annotation). Tab-separated text: motif identifier, number of promoters, mean and standard deviation of the best PscanR score.","3.25","sacCer3","TXT","https://doi.org/10.5281/zenodo.21821764","2","Saccharomyces cerevisiae",4932,NA,"JASPAR; UCSC","Federico Zambelli <federico.zambelli@unimi.it>","character","FilePath","PscanRBackgrounds/v2/J2022_sacCer3_500u_0d_UCSC.psbg2.txt","PscanR:Promoter:TFBS:JASPAR2022:sacCer3:500u_0d"
"PscanR_bg_v2_J2022_sacCer3_950u_50d_UCSC","PscanR version-2 promoter background for JASPAR 2022 CORE fungi motifs (179 matrices) scored on 6571 unique sacCer3 promoters from 950 bp upstream to 50 bp downstream of the TSS (UCSC sgdGene annotation). Tab-separated text: motif identifier, number of promoters, mean and standard deviation of the best PscanR score.","3.25","sacCer3","TXT","https://doi.org/10.5281/zenodo.21821764","2","Saccharomyces cerevisiae",4932,NA,"JASPAR; UCSC","Federico Zambelli <federico.zambelli@unimi.it>","character","FilePath","PscanRBackgrounds/v2/J2022_sacCer3_950u_50d_UCSC.psbg2.txt","PscanR:Promoter:TFBS:JASPAR2022:sacCer3:950u_50d"
"PscanR_bg_v2_J2022_sacCer3_1000u_0d_UCSC","PscanR version-2 promoter background for JASPAR 2022 CORE fungi motifs (179 matrices) scored on 6571 unique sacCer3 promoters from 1000 bp upstream to 0 bp downstream of the TSS (UCSC sgdGene annotation). Tab-separated text: motif identifier, number of promoters, mean and standard deviation of the best PscanR score.","3.25","sacCer3","TXT","https://doi.org/10.5281/zenodo.21821764","2","Saccharomyces cerevisiae",4932,NA,"JASPAR; UCSC","Federico Zambelli <federico.zambelli@unimi.it>","character","FilePath","PscanRBackgrounds/v2/J2022_sacCer3_1000u_0d_UCSC.psbg2.txt","PscanR:Promoter:TFBS:JASPAR2022:sacCer3:1000u_0d"
"PscanR_bg_v2_J2022_TAIR9_200u_50d_TAIR","PscanR version-2 promoter background for JASPAR 2022 CORE plants motifs (656 matrices) scored on 36331 unique TAIR9 promoters from 200 bp upstream to 50 bp downstream of the TSS (TAIR9 GFF3 annotation). Tab-separated text: motif identifier, number of promoters, mean and standard deviation of the best PscanR score.","3.25","TAIR9","TXT","https://doi.org/10.5281/zenodo.21821764","2","Arabidopsis thaliana",3702,NA,"JASPAR; TAIR","Federico Zambelli <federico.zambelli@unimi.it>","character","FilePath","PscanRBackgrounds/v2/J2022_TAIR9_200u_50d_TAIR.psbg2.txt","PscanR:Promoter:TFBS:JASPAR2022:TAIR9:200u_50d"
"PscanR_bg_v2_J2022_TAIR9_450u_50d_TAIR","PscanR version-2 promoter background for JASPAR 2022 CORE plants motifs (656 matrices) scored on 36368 unique TAIR9 promoters from 450 bp upstream to 50 bp downstream of the TSS (TAIR9 GFF3 annotation). Tab-separated text: motif identifier, number of promoters, mean and standard deviation of the best PscanR score.","3.25","TAIR9","TXT","https://doi.org/10.5281/zenodo.21821764","2","Arabidopsis thaliana",3702,NA,"JASPAR; TAIR","Federico Zambelli <federico.zambelli@unimi.it>","character","FilePath","PscanRBackgrounds/v2/J2022_TAIR9_450u_50d_TAIR.psbg2.txt","PscanR:Promoter:TFBS:JASPAR2022:TAIR9:450u_50d"
"PscanR_bg_v2_J2022_TAIR9_500u_0d_TAIR","PscanR version-2 promoter background for JASPAR 2022 CORE plants motifs (656 matrices) scored on 36371 unique TAIR9 promoters from 500 bp upstream to 0 bp downstream of the TSS (TAIR9 GFF3 annotation). Tab-separated text: motif identifier, number of promoters, mean and standard deviation of the best PscanR score.","3.25","TAIR9","TXT","https://doi.org/10.5281/zenodo.21821764","2","Arabidopsis thaliana",3702,NA,"JASPAR; TAIR","Federico Zambelli <federico.zambelli@unimi.it>","character","FilePath","PscanRBackgrounds/v2/J2022_TAIR9_500u_0d_TAIR.psbg2.txt","PscanR:Promoter:TFBS:JASPAR2022:TAIR9:500u_0d"
"PscanR_bg_v2_J2022_TAIR9_950u_50d_TAIR","PscanR version-2 promoter background for JASPAR 2022 CORE plants motifs (656 matrices) scored on 36406 unique TAIR9 promoters from 950 bp upstream to 50 bp downstream of the TSS (TAIR9 GFF3 annotation). Tab-separated text: motif identifier, number of promoters, mean and standard deviation of the best PscanR score.","3.25","TAIR9","TXT","https://doi.org/10.5281/zenodo.21821764","2","Arabidopsis thaliana",3702,NA,"JASPAR; TAIR","Federico Zambelli <federico.zambelli@unimi.it>","character","FilePath","PscanRBackgrounds/v2/J2022_TAIR9_950u_50d_TAIR.psbg2.txt","PscanR:Promoter:TFBS:JASPAR2022:TAIR9:950u_50d"
"PscanR_bg_v2_J2022_TAIR9_1000u_0d_TAIR","PscanR version-2 promoter background for JASPAR 2022 CORE plants motifs (656 matrices) scored on 36405 unique TAIR9 promoters from 1000 bp upstream to 0 bp downstream of the TSS (TAIR9 GFF3 annotation). Tab-separated text: motif identifier, number of promoters, mean and standard deviation of the best PscanR score.","3.25","TAIR9","TXT","https://doi.org/10.5281/zenodo.21821764","2","Arabidopsis thaliana",3702,NA,"JASPAR; TAIR","Federico Zambelli <federico.zambelli@unimi.it>","character","FilePath","PscanRBackgrounds/v2/J2022_TAIR9_1000u_0d_TAIR.psbg2.txt","PscanR:Promoter:TFBS:JASPAR2022:TAIR9:1000u_0d"
"PscanR_bg_v2_J2024_dm6_200u_50d_UCSC","PscanR version-2 promoter background for JASPAR 2024 CORE insects motifs (286 matrices) scored on 22400 unique dm6 promoters from 200 bp upstream to 50 bp downstream of the TSS (UCSC ncbiRefSeqCurated annotation). Tab-separated text: motif identifier, number of promoters, mean and standard deviation of the best PscanR score.","3.25","dm6","TXT","https://doi.org/10.5281/zenodo.21821764","2","Drosophila melanogaster",7227,NA,"JASPAR; UCSC","Federico Zambelli <federico.zambelli@unimi.it>","character","FilePath","PscanRBackgrounds/v2/J2024_dm6_200u_50d_UCSC.psbg2.txt","PscanR:Promoter:TFBS:JASPAR2024:dm6:200u_50d"
"PscanR_bg_v2_J2024_dm6_450u_50d_UCSC","PscanR version-2 promoter background for JASPAR 2024 CORE insects motifs (286 matrices) scored on 22454 unique dm6 promoters from 450 bp upstream to 50 bp downstream of the TSS (UCSC ncbiRefSeqCurated annotation). Tab-separated text: motif identifier, number of promoters, mean and standard deviation of the best PscanR score.","3.25","dm6","TXT","https://doi.org/10.5281/zenodo.21821764","2","Drosophila melanogaster",7227,NA,"JASPAR; UCSC","Federico Zambelli <federico.zambelli@unimi.it>","character","FilePath","PscanRBackgrounds/v2/J2024_dm6_450u_50d_UCSC.psbg2.txt","PscanR:Promoter:TFBS:JASPAR2024:dm6:450u_50d"
"PscanR_bg_v2_J2024_dm6_500u_0d_UCSC","PscanR version-2 promoter background for JASPAR 2024 CORE insects motifs (286 matrices) scored on 22460 unique dm6 promoters from 500 bp upstream to 0 bp downstream of the TSS (UCSC ncbiRefSeqCurated annotation). Tab-separated text: motif identifier, number of promoters, mean and standard deviation of the best PscanR score.","3.25","dm6","TXT","https://doi.org/10.5281/zenodo.21821764","2","Drosophila melanogaster",7227,NA,"JASPAR; UCSC","Federico Zambelli <federico.zambelli@unimi.it>","character","FilePath","PscanRBackgrounds/v2/J2024_dm6_500u_0d_UCSC.psbg2.txt","PscanR:Promoter:TFBS:JASPAR2024:dm6:500u_0d"
"PscanR_bg_v2_J2024_dm6_950u_50d_UCSC","PscanR version-2 promoter background for JASPAR 2024 CORE insects motifs (286 matrices) scored on 22511 unique dm6 promoters from 950 bp upstream to 50 bp downstream of the TSS (UCSC ncbiRefSeqCurated annotation). Tab-separated text: motif identifier, number of promoters, mean and standard deviation of the best PscanR score.","3.25","dm6","TXT","https://doi.org/10.5281/zenodo.21821764","2","Drosophila melanogaster",7227,NA,"JASPAR; UCSC","Federico Zambelli <federico.zambelli@unimi.it>","character","FilePath","PscanRBackgrounds/v2/J2024_dm6_950u_50d_UCSC.psbg2.txt","PscanR:Promoter:TFBS:JASPAR2024:dm6:950u_50d"
"PscanR_bg_v2_J2024_dm6_1000u_0d_UCSC","PscanR version-2 promoter background for JASPAR 2024 CORE insects motifs (286 matrices) scored on 22513 unique dm6 promoters from 1000 bp upstream to 0 bp downstream of the TSS (UCSC ncbiRefSeqCurated annotation). Tab-separated text: motif identifier, number of promoters, mean and standard deviation of the best PscanR score.","3.25","dm6","TXT","https://doi.org/10.5281/zenodo.21821764","2","Drosophila melanogaster",7227,NA,"JASPAR; UCSC","Federico Zambelli <federico.zambelli@unimi.it>","character","FilePath","PscanRBackgrounds/v2/J2024_dm6_1000u_0d_UCSC.psbg2.txt","PscanR:Promoter:TFBS:JASPAR2024:dm6:1000u_0d"
"PscanR_bg_v2_J2024_hg38_200u_50d_UCSC","PscanR version-2 promoter background for JASPAR 2024 CORE vertebrates motifs (879 matrices) scored on 39719 unique hg38 promoters from 200 bp upstream to 50 bp downstream of the TSS (UCSC ncbiRefSeqCurated annotation). Tab-separated text: motif identifier, number of promoters, mean and standard deviation of the best PscanR score.","3.25","hg38","TXT","https://doi.org/10.5281/zenodo.21821764","2","Homo sapiens",9606,NA,"JASPAR; UCSC","Federico Zambelli <federico.zambelli@unimi.it>","character","FilePath","PscanRBackgrounds/v2/J2024_hg38_200u_50d_UCSC.psbg2.txt","PscanR:Promoter:TFBS:JASPAR2024:hg38:200u_50d"
"PscanR_bg_v2_J2024_hg38_450u_50d_UCSC","PscanR version-2 promoter background for JASPAR 2024 CORE vertebrates motifs (879 matrices) scored on 39799 unique hg38 promoters from 450 bp upstream to 50 bp downstream of the TSS (UCSC ncbiRefSeqCurated annotation). Tab-separated text: motif identifier, number of promoters, mean and standard deviation of the best PscanR score.","3.25","hg38","TXT","https://doi.org/10.5281/zenodo.21821764","2","Homo sapiens",9606,NA,"JASPAR; UCSC","Federico Zambelli <federico.zambelli@unimi.it>","character","FilePath","PscanRBackgrounds/v2/J2024_hg38_450u_50d_UCSC.psbg2.txt","PscanR:Promoter:TFBS:JASPAR2024:hg38:450u_50d"
"PscanR_bg_v2_J2024_hg38_500u_0d_UCSC","PscanR version-2 promoter background for JASPAR 2024 CORE vertebrates motifs (879 matrices) scored on 39805 unique hg38 promoters from 500 bp upstream to 0 bp downstream of the TSS (UCSC ncbiRefSeqCurated annotation). Tab-separated text: motif identifier, number of promoters, mean and standard deviation of the best PscanR score.","3.25","hg38","TXT","https://doi.org/10.5281/zenodo.21821764","2","Homo sapiens",9606,NA,"JASPAR; UCSC","Federico Zambelli <federico.zambelli@unimi.it>","character","FilePath","PscanRBackgrounds/v2/J2024_hg38_500u_0d_UCSC.psbg2.txt","PscanR:Promoter:TFBS:JASPAR2024:hg38:500u_0d"
"PscanR_bg_v2_J2024_hg38_950u_50d_UCSC","PscanR version-2 promoter background for JASPAR 2024 CORE vertebrates motifs (879 matrices) scored on 39864 unique hg38 promoters from 950 bp upstream to 50 bp downstream of the TSS (UCSC ncbiRefSeqCurated annotation). Tab-separated text: motif identifier, number of promoters, mean and standard deviation of the best PscanR score.","3.25","hg38","TXT","https://doi.org/10.5281/zenodo.21821764","2","Homo sapiens",9606,NA,"JASPAR; UCSC","Federico Zambelli <federico.zambelli@unimi.it>","character","FilePath","PscanRBackgrounds/v2/J2024_hg38_950u_50d_UCSC.psbg2.txt","PscanR:Promoter:TFBS:JASPAR2024:hg38:950u_50d"
"PscanR_bg_v2_J2024_hg38_1000u_0d_UCSC","PscanR version-2 promoter background for JASPAR 2024 CORE vertebrates motifs (879 matrices) scored on 39862 unique hg38 promoters from 1000 bp upstream to 0 bp downstream of the TSS (UCSC ncbiRefSeqCurated annotation). Tab-separated text: motif identifier, number of promoters, mean and standard deviation of the best PscanR score.","3.25","hg38","TXT","https://doi.org/10.5281/zenodo.21821764","2","Homo sapiens",9606,NA,"JASPAR; UCSC","Federico Zambelli <federico.zambelli@unimi.it>","character","FilePath","PscanRBackgrounds/v2/J2024_hg38_1000u_0d_UCSC.psbg2.txt","PscanR:Promoter:TFBS:JASPAR2024:hg38:1000u_0d"
"PscanR_bg_v2_J2024_hs1_200u_50d_UCSC","PscanR version-2 promoter background for JASPAR 2024 CORE vertebrates motifs (879 matrices) scored on 39405 unique hs1 promoters from 200 bp upstream to 50 bp downstream of the TSS (NCBI RefSeq GCF_009914755.1 annotation). Tab-separated text: motif identifier, number of promoters, mean and standard deviation of the best PscanR score.","3.25","hs1","TXT","https://doi.org/10.5281/zenodo.21821764","2","Homo sapiens",9606,NA,"JASPAR; NCBI","Federico Zambelli <federico.zambelli@unimi.it>","character","FilePath","PscanRBackgrounds/v2/J2024_hs1_200u_50d_UCSC.psbg2.txt","PscanR:Promoter:TFBS:JASPAR2024:hs1:200u_50d"
"PscanR_bg_v2_J2024_hs1_450u_50d_UCSC","PscanR version-2 promoter background for JASPAR 2024 CORE vertebrates motifs (879 matrices) scored on 39500 unique hs1 promoters from 450 bp upstream to 50 bp downstream of the TSS (NCBI RefSeq GCF_009914755.1 annotation). Tab-separated text: motif identifier, number of promoters, mean and standard deviation of the best PscanR score.","3.25","hs1","TXT","https://doi.org/10.5281/zenodo.21821764","2","Homo sapiens",9606,NA,"JASPAR; NCBI","Federico Zambelli <federico.zambelli@unimi.it>","character","FilePath","PscanRBackgrounds/v2/J2024_hs1_450u_50d_UCSC.psbg2.txt","PscanR:Promoter:TFBS:JASPAR2024:hs1:450u_50d"
"PscanR_bg_v2_J2024_hs1_500u_0d_UCSC","PscanR version-2 promoter background for JASPAR 2024 CORE vertebrates motifs (879 matrices) scored on 39503 unique hs1 promoters from 500 bp upstream to 0 bp downstream of the TSS (NCBI RefSeq GCF_009914755.1 annotation). Tab-separated text: motif identifier, number of promoters, mean and standard deviation of the best PscanR score.","3.25","hs1","TXT","https://doi.org/10.5281/zenodo.21821764","2","Homo sapiens",9606,NA,"JASPAR; NCBI","Federico Zambelli <federico.zambelli@unimi.it>","character","FilePath","PscanRBackgrounds/v2/J2024_hs1_500u_0d_UCSC.psbg2.txt","PscanR:Promoter:TFBS:JASPAR2024:hs1:500u_0d"
"PscanR_bg_v2_J2024_hs1_950u_50d_UCSC","PscanR version-2 promoter background for JASPAR 2024 CORE vertebrates motifs (879 matrices) scored on 39591 unique hs1 promoters from 950 bp upstream to 50 bp downstream of the TSS (NCBI RefSeq GCF_009914755.1 annotation). Tab-separated text: motif identifier, number of promoters, mean and standard deviation of the best PscanR score.","3.25","hs1","TXT","https://doi.org/10.5281/zenodo.21821764","2","Homo sapiens",9606,NA,"JASPAR; NCBI","Federico Zambelli <federico.zambelli@unimi.it>","character","FilePath","PscanRBackgrounds/v2/J2024_hs1_950u_50d_UCSC.psbg2.txt","PscanR:Promoter:TFBS:JASPAR2024:hs1:950u_50d"
"PscanR_bg_v2_J2024_hs1_1000u_0d_UCSC","PscanR version-2 promoter background for JASPAR 2024 CORE vertebrates motifs (879 matrices) scored on 39591 unique hs1 promoters from 1000 bp upstream to 0 bp downstream of the TSS (NCBI RefSeq GCF_009914755.1 annotation). Tab-separated text: motif identifier, number of promoters, mean and standard deviation of the best PscanR score.","3.25","hs1","TXT","https://doi.org/10.5281/zenodo.21821764","2","Homo sapiens",9606,NA,"JASPAR; NCBI","Federico Zambelli <federico.zambelli@unimi.it>","character","FilePath","PscanRBackgrounds/v2/J2024_hs1_1000u_0d_UCSC.psbg2.txt","PscanR:Promoter:TFBS:JASPAR2024:hs1:1000u_0d"
"PscanR_bg_v2_J2024_mm10_200u_50d_UCSC","PscanR version-2 promoter background for JASPAR 2024 CORE vertebrates motifs (879 matrices) scored on 31383 unique mm10 promoters from 200 bp upstream to 50 bp downstream of the TSS (UCSC ncbiRefSeqCurated annotation). Tab-separated text: motif identifier, number of promoters, mean and standard deviation of the best PscanR score.","3.25","mm10","TXT","https://doi.org/10.5281/zenodo.21821764","2","Mus musculus",10090,NA,"JASPAR; UCSC","Federico Zambelli <federico.zambelli@unimi.it>","character","FilePath","PscanRBackgrounds/v2/J2024_mm10_200u_50d_UCSC.psbg2.txt","PscanR:Promoter:TFBS:JASPAR2024:mm10:200u_50d"
"PscanR_bg_v2_J2024_mm10_450u_50d_UCSC","PscanR version-2 promoter background for JASPAR 2024 CORE vertebrates motifs (879 matrices) scored on 31440 unique mm10 promoters from 450 bp upstream to 50 bp downstream of the TSS (UCSC ncbiRefSeqCurated annotation). Tab-separated text: motif identifier, number of promoters, mean and standard deviation of the best PscanR score.","3.25","mm10","TXT","https://doi.org/10.5281/zenodo.21821764","2","Mus musculus",10090,NA,"JASPAR; UCSC","Federico Zambelli <federico.zambelli@unimi.it>","character","FilePath","PscanRBackgrounds/v2/J2024_mm10_450u_50d_UCSC.psbg2.txt","PscanR:Promoter:TFBS:JASPAR2024:mm10:450u_50d"
"PscanR_bg_v2_J2024_mm10_500u_0d_UCSC","PscanR version-2 promoter background for JASPAR 2024 CORE vertebrates motifs (879 matrices) scored on 31443 unique mm10 promoters from 500 bp upstream to 0 bp downstream of the TSS (UCSC ncbiRefSeqCurated annotation). Tab-separated text: motif identifier, number of promoters, mean and standard deviation of the best PscanR score.","3.25","mm10","TXT","https://doi.org/10.5281/zenodo.21821764","2","Mus musculus",10090,NA,"JASPAR; UCSC","Federico Zambelli <federico.zambelli@unimi.it>","character","FilePath","PscanRBackgrounds/v2/J2024_mm10_500u_0d_UCSC.psbg2.txt","PscanR:Promoter:TFBS:JASPAR2024:mm10:500u_0d"
"PscanR_bg_v2_J2024_mm10_950u_50d_UCSC","PscanR version-2 promoter background for JASPAR 2024 CORE vertebrates motifs (879 matrices) scored on 31504 unique mm10 promoters from 950 bp upstream to 50 bp downstream of the TSS (UCSC ncbiRefSeqCurated annotation). Tab-separated text: motif identifier, number of promoters, mean and standard deviation of the best PscanR score.","3.25","mm10","TXT","https://doi.org/10.5281/zenodo.21821764","2","Mus musculus",10090,NA,"JASPAR; UCSC","Federico Zambelli <federico.zambelli@unimi.it>","character","FilePath","PscanRBackgrounds/v2/J2024_mm10_950u_50d_UCSC.psbg2.txt","PscanR:Promoter:TFBS:JASPAR2024:mm10:950u_50d"
"PscanR_bg_v2_J2024_mm10_1000u_0d_UCSC","PscanR version-2 promoter background for JASPAR 2024 CORE vertebrates motifs (879 matrices) scored on 31508 unique mm10 promoters from 1000 bp upstream to 0 bp downstream of the TSS (UCSC ncbiRefSeqCurated annotation). Tab-separated text: motif identifier, number of promoters, mean and standard deviation of the best PscanR score.","3.25","mm10","TXT","https://doi.org/10.5281/zenodo.21821764","2","Mus musculus",10090,NA,"JASPAR; UCSC","Federico Zambelli <federico.zambelli@unimi.it>","character","FilePath","PscanRBackgrounds/v2/J2024_mm10_1000u_0d_UCSC.psbg2.txt","PscanR:Promoter:TFBS:JASPAR2024:mm10:1000u_0d"
"PscanR_bg_v2_J2024_mm39_200u_50d_UCSC","PscanR version-2 promoter background for JASPAR 2024 CORE vertebrates motifs (879 matrices) scored on 33248 unique mm39 promoters from 200 bp upstream to 50 bp downstream of the TSS (UCSC ncbiRefSeqCurated annotation). Tab-separated text: motif identifier, number of promoters, mean and standard deviation of the best PscanR score.","3.25","mm39","TXT","https://doi.org/10.5281/zenodo.21821764","2","Mus musculus",10090,NA,"JASPAR; UCSC","Federico Zambelli <federico.zambelli@unimi.it>","character","FilePath","PscanRBackgrounds/v2/J2024_mm39_200u_50d_UCSC.psbg2.txt","PscanR:Promoter:TFBS:JASPAR2024:mm39:200u_50d"
"PscanR_bg_v2_J2024_mm39_450u_50d_UCSC","PscanR version-2 promoter background for JASPAR 2024 CORE vertebrates motifs (879 matrices) scored on 33308 unique mm39 promoters from 450 bp upstream to 50 bp downstream of the TSS (UCSC ncbiRefSeqCurated annotation). Tab-separated text: motif identifier, number of promoters, mean and standard deviation of the best PscanR score.","3.25","mm39","TXT","https://doi.org/10.5281/zenodo.21821764","2","Mus musculus",10090,NA,"JASPAR; UCSC","Federico Zambelli <federico.zambelli@unimi.it>","character","FilePath","PscanRBackgrounds/v2/J2024_mm39_450u_50d_UCSC.psbg2.txt","PscanR:Promoter:TFBS:JASPAR2024:mm39:450u_50d"
"PscanR_bg_v2_J2024_mm39_500u_0d_UCSC","PscanR version-2 promoter background for JASPAR 2024 CORE vertebrates motifs (879 matrices) scored on 33312 unique mm39 promoters from 500 bp upstream to 0 bp downstream of the TSS (UCSC ncbiRefSeqCurated annotation). Tab-separated text: motif identifier, number of promoters, mean and standard deviation of the best PscanR score.","3.25","mm39","TXT","https://doi.org/10.5281/zenodo.21821764","2","Mus musculus",10090,NA,"JASPAR; UCSC","Federico Zambelli <federico.zambelli@unimi.it>","character","FilePath","PscanRBackgrounds/v2/J2024_mm39_500u_0d_UCSC.psbg2.txt","PscanR:Promoter:TFBS:JASPAR2024:mm39:500u_0d"
"PscanR_bg_v2_J2024_mm39_950u_50d_UCSC","PscanR version-2 promoter background for JASPAR 2024 CORE vertebrates motifs (879 matrices) scored on 33374 unique mm39 promoters from 950 bp upstream to 50 bp downstream of the TSS (UCSC ncbiRefSeqCurated annotation). Tab-separated text: motif identifier, number of promoters, mean and standard deviation of the best PscanR score.","3.25","mm39","TXT","https://doi.org/10.5281/zenodo.21821764","2","Mus musculus",10090,NA,"JASPAR; UCSC","Federico Zambelli <federico.zambelli@unimi.it>","character","FilePath","PscanRBackgrounds/v2/J2024_mm39_950u_50d_UCSC.psbg2.txt","PscanR:Promoter:TFBS:JASPAR2024:mm39:950u_50d"
"PscanR_bg_v2_J2024_mm39_1000u_0d_UCSC","PscanR version-2 promoter background for JASPAR 2024 CORE vertebrates motifs (879 matrices) scored on 33378 unique mm39 promoters from 1000 bp upstream to 0 bp downstream of the TSS (UCSC ncbiRefSeqCurated annotation). Tab-separated text: motif identifier, number of promoters, mean and standard deviation of the best PscanR score.","3.25","mm39","TXT","https://doi.org/10.5281/zenodo.21821764","2","Mus musculus",10090,NA,"JASPAR; UCSC","Federico Zambelli <federico.zambelli@unimi.it>","character","FilePath","PscanRBackgrounds/v2/J2024_mm39_1000u_0d_UCSC.psbg2.txt","PscanR:Promoter:TFBS:JASPAR2024:mm39:1000u_0d"
"PscanR_bg_v2_J2024_sacCer3_200u_50d_UCSC","PscanR version-2 promoter background for JASPAR 2024 CORE fungi motifs (178 matrices) scored on 6544 unique sacCer3 promoters from 200 bp upstream to 50 bp downstream of the TSS (UCSC sgdGene annotation). Tab-separated text: motif identifier, number of promoters, mean and standard deviation of the best PscanR score.","3.25","sacCer3","TXT","https://doi.org/10.5281/zenodo.21821764","2","Saccharomyces cerevisiae",4932,NA,"JASPAR; UCSC","Federico Zambelli <federico.zambelli@unimi.it>","character","FilePath","PscanRBackgrounds/v2/J2024_sacCer3_200u_50d_UCSC.psbg2.txt","PscanR:Promoter:TFBS:JASPAR2024:sacCer3:200u_50d"
"PscanR_bg_v2_J2024_sacCer3_450u_50d_UCSC","PscanR version-2 promoter background for JASPAR 2024 CORE fungi motifs (178 matrices) scored on 6570 unique sacCer3 promoters from 450 bp upstream to 50 bp downstream of the TSS (UCSC sgdGene annotation). Tab-separated text: motif identifier, number of promoters, mean and standard deviation of the best PscanR score.","3.25","sacCer3","TXT","https://doi.org/10.5281/zenodo.21821764","2","Saccharomyces cerevisiae",4932,NA,"JASPAR; UCSC","Federico Zambelli <federico.zambelli@unimi.it>","character","FilePath","PscanRBackgrounds/v2/J2024_sacCer3_450u_50d_UCSC.psbg2.txt","PscanR:Promoter:TFBS:JASPAR2024:sacCer3:450u_50d"
"PscanR_bg_v2_J2024_sacCer3_500u_0d_UCSC","PscanR version-2 promoter background for JASPAR 2024 CORE fungi motifs (178 matrices) scored on 6571 unique sacCer3 promoters from 500 bp upstream to 0 bp downstream of the TSS (UCSC sgdGene annotation). Tab-separated text: motif identifier, number of promoters, mean and standard deviation of the best PscanR score.","3.25","sacCer3","TXT","https://doi.org/10.5281/zenodo.21821764","2","Saccharomyces cerevisiae",4932,NA,"JASPAR; UCSC","Federico Zambelli <federico.zambelli@unimi.it>","character","FilePath","PscanRBackgrounds/v2/J2024_sacCer3_500u_0d_UCSC.psbg2.txt","PscanR:Promoter:TFBS:JASPAR2024:sacCer3:500u_0d"
"PscanR_bg_v2_J2024_sacCer3_950u_50d_UCSC","PscanR version-2 promoter background for JASPAR 2024 CORE fungi motifs (178 matrices) scored on 6571 unique sacCer3 promoters from 950 bp upstream to 50 bp downstream of the TSS (UCSC sgdGene annotation). Tab-separated text: motif identifier, number of promoters, mean and standard deviation of the best PscanR score.","3.25","sacCer3","TXT","https://doi.org/10.5281/zenodo.21821764","2","Saccharomyces cerevisiae",4932,NA,"JASPAR; UCSC","Federico Zambelli <federico.zambelli@unimi.it>","character","FilePath","PscanRBackgrounds/v2/J2024_sacCer3_950u_50d_UCSC.psbg2.txt","PscanR:Promoter:TFBS:JASPAR2024:sacCer3:950u_50d"
"PscanR_bg_v2_J2024_sacCer3_1000u_0d_UCSC","PscanR version-2 promoter background for JASPAR 2024 CORE fungi motifs (178 matrices) scored on 6571 unique sacCer3 promoters from 1000 bp upstream to 0 bp downstream of the TSS (UCSC sgdGene annotation). Tab-separated text: motif identifier, number of promoters, mean and standard deviation of the best PscanR score.","3.25","sacCer3","TXT","https://doi.org/10.5281/zenodo.21821764","2","Saccharomyces cerevisiae",4932,NA,"JASPAR; UCSC","Federico Zambelli <federico.zambelli@unimi.it>","character","FilePath","PscanRBackgrounds/v2/J2024_sacCer3_1000u_0d_UCSC.psbg2.txt","PscanR:Promoter:TFBS:JASPAR2024:sacCer3:1000u_0d"
"PscanR_bg_v2_J2024_TAIR9_200u_50d_TAIR","PscanR version-2 promoter background for JASPAR 2024 CORE plants motifs (805 matrices) scored on 36331 unique TAIR9 promoters from 200 bp upstream to 50 bp downstream of the TSS (TAIR9 GFF3 annotation). Tab-separated text: motif identifier, number of promoters, mean and standard deviation of the best PscanR score.","3.25","TAIR9","TXT","https://doi.org/10.5281/zenodo.21821764","2","Arabidopsis thaliana",3702,NA,"JASPAR; TAIR","Federico Zambelli <federico.zambelli@unimi.it>","character","FilePath","PscanRBackgrounds/v2/J2024_TAIR9_200u_50d_TAIR.psbg2.txt","PscanR:Promoter:TFBS:JASPAR2024:TAIR9:200u_50d"
"PscanR_bg_v2_J2024_TAIR9_450u_50d_TAIR","PscanR version-2 promoter background for JASPAR 2024 CORE plants motifs (805 matrices) scored on 36368 unique TAIR9 promoters from 450 bp upstream to 50 bp downstream of the TSS (TAIR9 GFF3 annotation). Tab-separated text: motif identifier, number of promoters, mean and standard deviation of the best PscanR score.","3.25","TAIR9","TXT","https://doi.org/10.5281/zenodo.21821764","2","Arabidopsis thaliana",3702,NA,"JASPAR; TAIR","Federico Zambelli <federico.zambelli@unimi.it>","character","FilePath","PscanRBackgrounds/v2/J2024_TAIR9_450u_50d_TAIR.psbg2.txt","PscanR:Promoter:TFBS:JASPAR2024:TAIR9:450u_50d"
"PscanR_bg_v2_J2024_TAIR9_500u_0d_TAIR","PscanR version-2 promoter background for JASPAR 2024 CORE plants motifs (805 matrices) scored on 36371 unique TAIR9 promoters from 500 bp upstream to 0 bp downstream of the TSS (TAIR9 GFF3 annotation). Tab-separated text: motif identifier, number of promoters, mean and standard deviation of the best PscanR score.","3.25","TAIR9","TXT","https://doi.org/10.5281/zenodo.21821764","2","Arabidopsis thaliana",3702,NA,"JASPAR; TAIR","Federico Zambelli <federico.zambelli@unimi.it>","character","FilePath","PscanRBackgrounds/v2/J2024_TAIR9_500u_0d_TAIR.psbg2.txt","PscanR:Promoter:TFBS:JASPAR2024:TAIR9:500u_0d"
"PscanR_bg_v2_J2024_TAIR9_950u_50d_TAIR","PscanR version-2 promoter background for JASPAR 2024 CORE plants motifs (805 matrices) scored on 36406 unique TAIR9 promoters from 950 bp upstream to 50 bp downstream of the TSS (TAIR9 GFF3 annotation). Tab-separated text: motif identifier, number of promoters, mean and standard deviation of the best PscanR score.","3.25","TAIR9","TXT","https://doi.org/10.5281/zenodo.21821764","2","Arabidopsis thaliana",3702,NA,"JASPAR; TAIR","Federico Zambelli <federico.zambelli@unimi.it>","character","FilePath","PscanRBackgrounds/v2/J2024_TAIR9_950u_50d_TAIR.psbg2.txt","PscanR:Promoter:TFBS:JASPAR2024:TAIR9:950u_50d"
"PscanR_bg_v2_J2024_TAIR9_1000u_0d_TAIR","PscanR version-2 promoter background for JASPAR 2024 CORE plants motifs (805 matrices) scored on 36405 unique TAIR9 promoters from 1000 bp upstream to 0 bp downstream of the TSS (TAIR9 GFF3 annotation). Tab-separated text: motif identifier, number of promoters, mean and standard deviation of the best PscanR score.","3.25","TAIR9","TXT","https://doi.org/10.5281/zenodo.21821764","2","Arabidopsis thaliana",3702,NA,"JASPAR; TAIR","Federico Zambelli <federico.zambelli@unimi.it>","character","FilePath","PscanRBackgrounds/v2/J2024_TAIR9_1000u_0d_TAIR.psbg2.txt","PscanR:Promoter:TFBS:JASPAR2024:TAIR9:1000u_0d"
