artifact	motif_count	promoter_count	problems	sha256
J2020_dm6_1000u_0d_UCSC.psbg1.txt	143	22513		0de75697e4f7a766fc978763ad40afbe753973db906a25f0a8458dbdebdd091c
J2020_dm6_1000u_0d_UCSC.psbg2.txt	143	22513		01b58900d8fd2cb0df7b9de54dfb2b7dce96fd22c4670e60261bf9117e0963b9
J2020_dm6_200u_50d_UCSC.psbg1.txt	143	22400		6711835f3898f6c3c8f14c48aaf59d9ee62f0ab1d19fbb3eac738aa4cfeb9e7b
J2020_dm6_200u_50d_UCSC.psbg2.txt	143	22400		3e0dfa8b5b99931b02e498f35f42f6e608bb201aa26a452afa3180e8d6dc30c8
J2020_dm6_450u_50d_UCSC.psbg1.txt	143	22454		ab553d4bbc417caadbf86a6ee7f1bd646b5c63cb7a8698217f5f71f8d0285019
J2020_dm6_450u_50d_UCSC.psbg2.txt	143	22454		4dba235d2795f45e1c713c12699754283ffd4bf0aee4d492fc4a4b6d00768135
J2020_dm6_500u_0d_UCSC.psbg1.txt	143	22460		c13d6faf98749f9100910cd286d87f338f4b422c194f933d705dca9c23e07f48
J2020_dm6_500u_0d_UCSC.psbg2.txt	143	22460		35cdeb2d5558cdf6acbea36fc3e9246789158c2a4eed2a246a37514421e5d10c
J2020_dm6_950u_50d_UCSC.psbg1.txt	143	22511		c80252ed98ba7686cc6664724eb879ae96678e0861ad6391c012527d85a36fa4
J2020_dm6_950u_50d_UCSC.psbg2.txt	143	22511		576ad09e9a371058eaec373b14b51468279f89606ee356eebbcd3d7426e9dddf
J2020_hg38_1000u_0d_UCSC.psbg1.txt	746	39581		c9dd3726434077868a8f1d06d4a5e01a16c6c350d9c80311a716482215c565f0
J2020_hg38_1000u_0d_UCSC.psbg2.txt	746	39862		978d4e2c40f7719206930bc5b4a6e8d927fce443adadb5514aea7be3acb63ffc
J2020_hg38_200u_50d_UCSC.psbg1.txt	746	39438		f40f20b1272d3548c0065072369ed2cd25f2adcf7025a5c580a381f8f2aca034
J2020_hg38_200u_50d_UCSC.psbg2.txt	746	39719		12eac3ce9c7b79dc8ab4face65e83dc93edfbc4850f74aae206b58c9e761aebf
J2020_hg38_450u_50d_UCSC.psbg1.txt	746	39518		34ebf503309a2d5503acefe5bafb0690f830eb4997ea4383e1ad086c226c8d9f
J2020_hg38_450u_50d_UCSC.psbg2.txt	746	39799		b560c7f5be93950d62fe9d022078d8214bf1079a55a66da115a49cd1ab81c247
J2020_hg38_500u_0d_UCSC.psbg1.txt	746	39524		1a8fcd5b6bc948a615b78c8f9609a4f743f21f5c11417b6654ca1acc0d639bc2
J2020_hg38_500u_0d_UCSC.psbg2.txt	746	39805		3a5ef61ada495f70882de7c2e2edf52b9bc76329673b66827b73c7e99fc8bcd0
J2020_hg38_950u_50d_UCSC.psbg1.txt	746	39583		9f70c209f0216817ef4673db2fedab7c7ac1da0b58a466df5294f2d4da1f438c
J2020_hg38_950u_50d_UCSC.psbg2.txt	746	39864		2dde1d4d3d7daa13cf04fc7e23b928ccd95fba04c7bb7cb47b0d4630a58efc94
J2020_hs1_1000u_0d_UCSC.psbg1.txt	746	39591		29c37f8ef75baa2f747bd8b08de64b0e8f66e4e476c8773e013cc5e3fe7c65f0
J2020_hs1_1000u_0d_UCSC.psbg2.txt	746	39591		c8c5a02008122217dc806e93ca25ddd728b6707b894d026063438060bce0b832
J2020_hs1_200u_50d_UCSC.psbg1.txt	746	39405		6ede502af6bdb04dc08907d383573a300d8489f69b7012acdebc5da788299b37
J2020_hs1_200u_50d_UCSC.psbg2.txt	746	39405		3f824e7b59c57a09d6d8f4fe36da0b35b3a24887d49a4a8ea98c96649df7de3f
J2020_hs1_450u_50d_UCSC.psbg1.txt	746	39500		8cac798dcb24518bb04653a589b90d2451afdb624c4c5a7512ff2a14d8c90401
J2020_hs1_450u_50d_UCSC.psbg2.txt	746	39500		040c9e4c88df806f6038f610d0cc198039eb140f2a520f58530becab61944d61
J2020_hs1_500u_0d_UCSC.psbg1.txt	746	39503		ab1caca35d583c2c4e38168d06f73e8b6a2e6f7340bab14940561be15f578b04
J2020_hs1_500u_0d_UCSC.psbg2.txt	746	39503		e79db86e52af75afe6d24545b2bd248db3fdbc6d832766f820219bdccd609ce2
J2020_hs1_950u_50d_UCSC.psbg1.txt	746	39591		059189e1bebd8d757bca908cb78309751a9cece3de385851dc9d44f0f6410c0d
J2020_hs1_950u_50d_UCSC.psbg2.txt	746	39591		dd42defb77fdb38f56c245f6f2f1a8d9d39ddfc7917d3828e4144e99bacd0641
J2020_mm10_1000u_0d_UCSC.psbg1.txt	746	31508		25227864cc635127e39131c878bcbd17f11461280cd9b28ecd5ff744ca20d1f4
J2020_mm10_1000u_0d_UCSC.psbg2.txt	746	31508		227abfc9ec910ae3d6e86e8dfe4c942a9ea25a787b2fb4519507bc455bd7a925
J2020_mm10_200u_50d_UCSC.psbg1.txt	746	31383		552e42290d62c1851958cd56c554b61e89ecb744ac166f3d517376af0cca7124
J2020_mm10_200u_50d_UCSC.psbg2.txt	746	31383		7e6daef78a489bc578c56916cf9b92f61de027d9e91d00e08b2191cbb62fb7e3
J2020_mm10_450u_50d_UCSC.psbg1.txt	746	31440		2a6d08330f3bb7ed00770d0deaa3141d4075cf94ace3d50586e8862e05523318
J2020_mm10_450u_50d_UCSC.psbg2.txt	746	31440		16320f53a4c3b08ba07730b796a4c80005dbff472cfc2524d3f215e3a11e035b
J2020_mm10_500u_0d_UCSC.psbg1.txt	746	31443		fc43504d6beb4940a9e10072bbdf8e209c9226c214b963503314148e89d677a7
J2020_mm10_500u_0d_UCSC.psbg2.txt	746	31443		5296ebac42e3dc097ec9d799b52bd72c815f27f71c4d02168dd153e9ad765f92
J2020_mm10_950u_50d_UCSC.psbg1.txt	746	31504		3a12569d655b9a1c952ae45c0069cd2d7d90bae591c770b8d826352ed6b7e1b1
J2020_mm10_950u_50d_UCSC.psbg2.txt	746	31504		8dae347adefdad6c16dca4914be46d54e612ba53dae41e54329d7608db862a12
J2020_mm39_1000u_0d_UCSC.psbg1.txt	746	33378		9091559a6d20060ede5d4d64611fe81042c1a532de363ba5a309335945b126be
J2020_mm39_1000u_0d_UCSC.psbg2.txt	746	33378		6005795c85e3bbdaa4a48cbdae5f0fe728df4f05aa0047e4712209347945262e
J2020_mm39_200u_50d_UCSC.psbg1.txt	746	33248		579cbcd602b6b98c55cbd64e021b0af71ca3f1b43d6802ad64543a7dffea60bb
J2020_mm39_200u_50d_UCSC.psbg2.txt	746	33248		af3929fd0261858d98a05cfec00802d6c87b443d347bc9d9761d29a58b0416a3
J2020_mm39_450u_50d_UCSC.psbg1.txt	746	33308		976446621b186e425764e4168fc15e06aa46ee3de9ce7df77ad6c2b08d7eaca5
J2020_mm39_450u_50d_UCSC.psbg2.txt	746	33308		ea8a1244a41893eb7be13e864e4888e09dc56c1619ff045d3757808973fcc44f
J2020_mm39_500u_0d_UCSC.psbg1.txt	746	33312		e416fdb114270e173383543766842c50d0ea9b6de3abf2f920873bbfc33b29b0
J2020_mm39_500u_0d_UCSC.psbg2.txt	746	33312		7690974dcf0b55ada0da75888154180fac5e03dad7e8cf40e7e9e0b5e50602f3
J2020_mm39_950u_50d_UCSC.psbg1.txt	746	33374		03ce660635f94fc896e4394841b5e2e5c270d9d2d7fc7135a37e5fec8e957f25
J2020_mm39_950u_50d_UCSC.psbg2.txt	746	33374		1175ae9441d7e06c63c4351b9d73cf31a0a1a728f188437572d7da4522f9ecf1
J2020_sacCer3_1000u_0d_UCSC.psbg1.txt	183	6571		52b644aea85638bd68c9cfd3595ab482fe6744ecfb598f1adaaf3fa4cb53cfb9
J2020_sacCer3_1000u_0d_UCSC.psbg2.txt	183	6571		3119cae418ccfd42755436a8b7510369934d792ce4ccedcf1cb2711c1827a36d
J2020_sacCer3_200u_50d_UCSC.psbg1.txt	183	6544		6c024295f462075b4a0c96a0d45751fe4bd2585f0700e2b33fb11e8d843fc0f4
J2020_sacCer3_200u_50d_UCSC.psbg2.txt	183	6544		0b1edb71e6b573b42a1695ffec6979e2f18b63bb5597596162b4f1b2222017e3
J2020_sacCer3_450u_50d_UCSC.psbg1.txt	183	6570		efa036d41d1423c4d17a32706460bf8ae0908fed3cda12a80854c656da70556f
J2020_sacCer3_450u_50d_UCSC.psbg2.txt	183	6570		72000cb8e164251a1e00e2bbd6dfddb6adb5397cf166db55f6c5a2459450445b
J2020_sacCer3_500u_0d_UCSC.psbg1.txt	183	6571		92d133529241defca591ff95b3b41e7b1fea5ab23efbbcab1adc52e2fcf105ba
J2020_sacCer3_500u_0d_UCSC.psbg2.txt	183	6571		aa2026ff5db0707399f84c2e7ee3f1a3ccad3c7a9fb92004276c46e41fce1f43
J2020_sacCer3_950u_50d_UCSC.psbg1.txt	183	6571		19380d2f6031de3d2b8cef0ae05cab015c0a86a523162833956fe66b2b7f6ddc
J2020_sacCer3_950u_50d_UCSC.psbg2.txt	183	6571		959da1e8b04a5a4714d89f928f4239139d547754ec354014b35f7357eaf3644f
J2020_TAIR9_1000u_0d_TAIR.psbg1.txt	530	36405		0728d4c6f009a7d69068a748e05a7a010615eb2e8caaf2d793e6efb21a9336a8
J2020_TAIR9_1000u_0d_TAIR.psbg2.txt	530	36405		c1e5ce982c9747856160ad03529ec1b8a1230a12496083e29dfb497a87470f6f
J2020_TAIR9_200u_50d_TAIR.psbg1.txt	530	36331		c4e018f838843284bb4c7a25f287f85a0f6640fc5a86676eea10642caf9ffaf6
J2020_TAIR9_200u_50d_TAIR.psbg2.txt	530	36331		4b72e41054e30fa15ca4a047a571691835872c46f98f3244fb621c2329aaaaf9
J2020_TAIR9_450u_50d_TAIR.psbg1.txt	530	36368		55ad48205ecfed521ad81cfe4b750b5693f445e85047fef3ecc474c4f5d02509
J2020_TAIR9_450u_50d_TAIR.psbg2.txt	530	36368		063bac7565c2a3183ca0f25d5e56667cec29643a66af47e6bcf6d63b95015de3
J2020_TAIR9_500u_0d_TAIR.psbg1.txt	530	36371		ca13d52fe93a679f64a28dde2e7802098b2ac3fc5f72794af55eab2f3703a64a
J2020_TAIR9_500u_0d_TAIR.psbg2.txt	530	36371		ec5d910fbe72b6cbc16d610ce3995330fa4746069cc1fab84de63f6431c5ceab
J2020_TAIR9_950u_50d_TAIR.psbg1.txt	530	36406		507b7ef78cd593300d4de31f6188668770d17a3bc5eb02339ffddd878474f919
J2020_TAIR9_950u_50d_TAIR.psbg2.txt	530	36406		bab5e89332bd11d47fefc36a2a817a0df989bb8fde9bae60aa216eb1fa271669
J2022_dm6_1000u_0d_UCSC.psbg1.txt	150	22513		9a2c7a1bd42eec2d5f13cb56a74b992fbc64e898598d502718a90cd01ea08820
J2022_dm6_1000u_0d_UCSC.psbg2.txt	150	22513		2a6239646d5bfc1a2af4470e307ce07a03a65d1b96cd6fcffae02682514ac773
J2022_dm6_200u_50d_UCSC.psbg1.txt	150	22400		04e523407feeae3836ab1195464025ccbe274c1a51abd86d9e8b3d9ca8869900
J2022_dm6_200u_50d_UCSC.psbg2.txt	150	22400		deb7c0ae2e9fc597eeeae3a0e95578bf5eb2c96e63c394b10c46b841962f83ba
J2022_dm6_450u_50d_UCSC.psbg1.txt	150	22454		294b4d1e2e5fd47bd4c54d651c6cce0dbb12b5ee45ae01dce39a38a64a337c2a
J2022_dm6_450u_50d_UCSC.psbg2.txt	150	22454		498ebe805b6acaf1a2a64d3b406af2f565e8ecf06b3799ab82e912e8a8a294c3
J2022_dm6_500u_0d_UCSC.psbg1.txt	150	22460		0751fbdb34218880f8eb6312c07ec057abcbf2252edb0d3873ed435c8e32c484
J2022_dm6_500u_0d_UCSC.psbg2.txt	150	22460		0a5f5e040937712ab0941957035e36e9c9ebf3fb4d638d9aeb90f59a70ffaf47
J2022_dm6_950u_50d_UCSC.psbg1.txt	150	22511		ea886b899cb5b5fab0f37187a1b47bbdb8002afe07814b8ee9de61c17394e02f
J2022_dm6_950u_50d_UCSC.psbg2.txt	150	22511		5fe792b6b4998940d25e8c5ccb15eb36549b9868a9cc3500aae4898868002edf
J2022_hg38_1000u_0d_UCSC.psbg1.txt	841	39581		e81d241fdefaf9c48538bbbe4b2e8dd8a35200bb3cd99cf815994681dd31d4ce
J2022_hg38_1000u_0d_UCSC.psbg2.txt	841	39862		74ee7f8a93f0c90ab30dbecab200a11b1b6a38fb0575c3b22303ec708fa99b1a
J2022_hg38_200u_50d_UCSC.psbg1.txt	841	39438		349201e1c3e1471592f97f50d13426f31a9046d58df506745a2e75f3a54f0c2d
J2022_hg38_200u_50d_UCSC.psbg2.txt	841	39719		7ff35740ce39b2e42a8d08b884cf7a56ceea575c3d3ee4a0f201f1290175cd75
J2022_hg38_450u_50d_UCSC.psbg1.txt	841	39518		8c696b1b6584140702df469f1f2dad0070588262b37516b3f91cff18ae120f06
J2022_hg38_450u_50d_UCSC.psbg2.txt	841	39799		18011539ff6fcb1665cd864b7d7f539256996ddf3900ec4b77d484d1fc2546c7
J2022_hg38_500u_0d_UCSC.psbg1.txt	841	39524		4859e112fea773b94c3cc11be47066493ba2868c1829f6f2e4f367545abd7ca0
J2022_hg38_500u_0d_UCSC.psbg2.txt	841	39805		e0af21db7aadea43f9ee39a26cd94739077d4f334aed64ffc5c24d2849c68d41
J2022_hg38_950u_50d_UCSC.psbg1.txt	841	39583		e5031e7555d0cf96b9f59a70ce3249e2a1b302c8d623a0393e6213f19c5989fa
J2022_hg38_950u_50d_UCSC.psbg2.txt	841	39864		ba075f7d7a18685e1bf686ed83b4211c9040d1132d9dd117288d2c29f548ee77
J2022_hs1_1000u_0d_UCSC.psbg1.txt	841	39591		52c7d606c0bb9881add73a9a4129a6123b1f40476b1869ac3e5247e14a078e1b
J2022_hs1_1000u_0d_UCSC.psbg2.txt	841	39591		6b124bdb38a33d0858408f9d34047937aa602f40fe116a5f3188e4de9081b6e2
J2022_hs1_200u_50d_UCSC.psbg1.txt	841	39405		efddfbb96e48a47c436b15d2e0ff2c983d4b1d6c8b80894254954d18cf553be0
J2022_hs1_200u_50d_UCSC.psbg2.txt	841	39405		d4152c9da2ce4bc15ca8742bc2c14a3121e82bab64273002bba71987f6e3562d
J2022_hs1_450u_50d_UCSC.psbg1.txt	841	39500		dcffa45ca1b2909b3b9483b8ae73419b485368dca26f976262071d5b4a07cfab
J2022_hs1_450u_50d_UCSC.psbg2.txt	841	39500		153bbb547952a012cd9f0214aaa54494a6c2e419d95c3b28ad655343acf65de9
J2022_hs1_500u_0d_UCSC.psbg1.txt	841	39503		bdf379875c5f146940e944146e0e9700d2bed5476aad04f2231bf4877f1010cb
J2022_hs1_500u_0d_UCSC.psbg2.txt	841	39503		d5ea613ab3856bd8c83144cbb9e541dd8f8e85dd5c36a2807ed3a6cee53cc4a4
J2022_hs1_950u_50d_UCSC.psbg1.txt	841	39591		c9437c88e27ca38c279ad28d279fd61d0886b442110cdf8e753e2c0429fd9490
J2022_hs1_950u_50d_UCSC.psbg2.txt	841	39591		c60a594fb7af29f7fad0d1dea5f06bc3721f6041bdc6767d251c26c443933c47
J2022_mm10_1000u_0d_UCSC.psbg1.txt	841	31508		51b740845c1fb960ad8d48a7064cc11f4b9ebe264f5686689fb357165586edf4
J2022_mm10_1000u_0d_UCSC.psbg2.txt	841	31508		92954888b8d321d6cda8a47e0df86b57799aae693039646828190cb147615722
J2022_mm10_200u_50d_UCSC.psbg1.txt	841	31383		29b16bcb52c50713ef23b1e5c623cc6ce663aa56a563ea96cc832e3f7998c1c6
J2022_mm10_200u_50d_UCSC.psbg2.txt	841	31383		9c38c93b5e0658ace3c297a1cbf1bd5425db7bc1e273a9f3ffd846cac4bba71f
J2022_mm10_450u_50d_UCSC.psbg1.txt	841	31440		0d16ee3c9e25c85c503e02a89fce29f2236f1b9d6a4632b3360e78cabb4a0033
J2022_mm10_450u_50d_UCSC.psbg2.txt	841	31440		aab4d8d240bf6099ad95d071ff15fed3e8900bf4018573cb8bab91dd5668b917
J2022_mm10_500u_0d_UCSC.psbg1.txt	841	31443		f5b84df79aa7fbae107e028d43134085e581d0e3791a0cf67c4fd86d112ac5ca
J2022_mm10_500u_0d_UCSC.psbg2.txt	841	31443		1a93ef250c93e0af4641a892a5a064464aa87b37e63c8102cb89c443b1ad223f
J2022_mm10_950u_50d_UCSC.psbg1.txt	841	31504		6b0503ce3e830f658c54a43a1104f6ee548896bf7930e7f0a0352208c261c90b
J2022_mm10_950u_50d_UCSC.psbg2.txt	841	31504		fa463ab629a2a7bccd971e7a2fc52a3de956d32f2afaa7cd258137e3920fc397
J2022_mm39_1000u_0d_UCSC.psbg1.txt	841	33378		996a60a450d7115ed16c97a396c590e89bd7e3a4981cbb01df7c00adc01044e2
J2022_mm39_1000u_0d_UCSC.psbg2.txt	841	33378		dcab192cc75b9d04024357af2ddd49216aa2aa01432a8e3eb8b204fcc49e2360
J2022_mm39_200u_50d_UCSC.psbg1.txt	841	33248		1e62dd2ebbd0eeb8357893f5fd62c9b3ac466940089e4195757b4d025ef6e8c0
J2022_mm39_200u_50d_UCSC.psbg2.txt	841	33248		fad59e18942acc16dbccab92461e9221e936ce9ec9471a47490860dfd83be6b6
J2022_mm39_450u_50d_UCSC.psbg1.txt	841	33308		e227c71d3446779bac6e16f35ecbdb13a7d20da8fb26d6833deacfceea94ef39
J2022_mm39_450u_50d_UCSC.psbg2.txt	841	33308		c5ee821d703099b7f05bbc35ba81d031405af13dcd48be3bbb202446be9f1d5d
J2022_mm39_500u_0d_UCSC.psbg1.txt	841	33312		ad541c04cdfcc70aecfb2afd08ddf80f04b270df0087316af03dae83b8ceb1e0
J2022_mm39_500u_0d_UCSC.psbg2.txt	841	33312		9923caa19670fe6029001f9ee476c101563c48abff81989749c247be71dafdd6
J2022_mm39_950u_50d_UCSC.psbg1.txt	841	33374		ba7014d6d11ab6ee67d80bf4de06be86399be58a5e251207425bb7a66d2ae781
J2022_mm39_950u_50d_UCSC.psbg2.txt	841	33374		d334072fb2caa9f7b05318063c2de0a4381e4611fbe6a1e47a88c09e09a83dfd
J2022_sacCer3_1000u_0d_UCSC.psbg1.txt	179	6571		64a01cfb04e70bb364c8354a43ff3747f656e22d3092e9ee79f9ca8bb20ed9f0
J2022_sacCer3_1000u_0d_UCSC.psbg2.txt	179	6571		1894fa92a3df130ee8742d16fb4d5f348f261951f26918d6aa9d5ffb8f9e95a1
J2022_sacCer3_200u_50d_UCSC.psbg1.txt	179	6544		e5fab78375e63f0dd5d6b8ed4bd1346a4a139ac88f6379116cbd364f20770f1f
J2022_sacCer3_200u_50d_UCSC.psbg2.txt	179	6544		e89736815bd8e2e0b595a096125e26bf7e131da5de067d47e5b1c0476b5e8e2f
J2022_sacCer3_450u_50d_UCSC.psbg1.txt	179	6570		1cfe213376f9752d83eda47568b598a3e8848f58f675903de4fbd888192f27a2
J2022_sacCer3_450u_50d_UCSC.psbg2.txt	179	6570		bbe27d2667b4e6c59d0ac650764671babd1208b94f94ec981f99f40212392e69
J2022_sacCer3_500u_0d_UCSC.psbg1.txt	179	6571		a7704968d66d0784b2e2e27bce73e19bdc6ad973ba242437638ba9d8cacc58a7
J2022_sacCer3_500u_0d_UCSC.psbg2.txt	179	6571		7b226e1779f8de29cac2c54f87751c818ced50872c3239eb970793dcf3dd1256
J2022_sacCer3_950u_50d_UCSC.psbg1.txt	179	6571		609190c85d7dc812116d8bfb2af77b793d83b3b4107657b0c43f2a16bb4567f4
J2022_sacCer3_950u_50d_UCSC.psbg2.txt	179	6571		af5b5033e99b4892ccf0f1c903572724d054f7501fe6f6703d5eafe796453ab6
J2022_TAIR9_1000u_0d_TAIR.psbg1.txt	656	36405		e64cb7a5d71fc9cd42e80f7a4926c01335d0fba80d78cad52e572b679f8e8a19
J2022_TAIR9_1000u_0d_TAIR.psbg2.txt	656	36405		e9a9ca242f894f902018315ca8ca74e6d0f2633d410989218977654ea8103319
J2022_TAIR9_200u_50d_TAIR.psbg1.txt	656	36331		3c75f2fd45da3bb1e7cea7c86bb94ffec75556a635d1e24078b3cede492fcbb0
J2022_TAIR9_200u_50d_TAIR.psbg2.txt	656	36331		2d985c18a41f1fdc0af8e4d6effbb81c39ab3abd349f1b1d8f8bc5415af64447
J2022_TAIR9_450u_50d_TAIR.psbg1.txt	656	36368		224919d7fa04263976a942007992bf4bc96fc2f00a789d40138b38235befb7f0
J2022_TAIR9_450u_50d_TAIR.psbg2.txt	656	36368		50d39d9263c7c80bf0ec5503a9c4e36a34084657ef55198f5cc9a5dd11b5cbea
J2022_TAIR9_500u_0d_TAIR.psbg1.txt	656	36371		2d45d553dbbaad05eba31c0aaad26953b3ee1e3eb109b219615f6d0289f15392
J2022_TAIR9_500u_0d_TAIR.psbg2.txt	656	36371		dfb462f45e234ba55e92d284fa8693c06e10116c0b73eb20fcc4a2628abcfa47
J2022_TAIR9_950u_50d_TAIR.psbg1.txt	656	36406		f04c6c37809a7550fa634e2080497788dca6955b0ad9644ab10c8afd55622fd2
J2022_TAIR9_950u_50d_TAIR.psbg2.txt	656	36406		c19383cf66d8544a6c55a691b3edb00990de67ee2d5bca66b03285a8a118ee85
J2024_dm6_1000u_0d_UCSC.psbg1.txt	286	22513		79f0fd1cedde60e3ec6c2ce4645cd20bb3bb956fb0dd68a8834b50e508099f4c
J2024_dm6_1000u_0d_UCSC.psbg2.txt	286	22513		b4a1f3513834bfa44b1d32e4a6796ed9c846f04844f28195486b52791c00d0ab
J2024_dm6_200u_50d_UCSC.psbg1.txt	286	22400		3ab838ce7f3b78c82350afc42b7fb17a02f7972b9b838004769c33c18e8ed1b9
J2024_dm6_200u_50d_UCSC.psbg2.txt	286	22400		5b445038a80d38359b7fa5a840337b697ff7f28b70872cb5ae14eea95580a9c6
J2024_dm6_450u_50d_UCSC.psbg1.txt	286	22454		9094990dcae56bed324ee64ba7f0be5d5d808c7bf6fbcb35447db3a022f8e481
J2024_dm6_450u_50d_UCSC.psbg2.txt	286	22454		5e4f96039597f9a5625e3ec9e1ed1f9d120e008d285818ab3201c413aafb13f1
J2024_dm6_500u_0d_UCSC.psbg1.txt	286	22460		94a8639ce9d5a837fa28cd6f2f2d44fb7fcc4a142f7df2171e8367501f6a583a
J2024_dm6_500u_0d_UCSC.psbg2.txt	286	22460		5cca7fe7010227a32459fd8fef92395ce18581e00e3d90ec2674be9aff174cef
J2024_dm6_950u_50d_UCSC.psbg1.txt	286	22511		1ed139ce227312cc49344a188cea6451a7afb43e58f2f35a77e5d1c23f584af6
J2024_dm6_950u_50d_UCSC.psbg2.txt	286	22511		b8c6c3fc4ee3de16de8289fc9e93812c0f11a182717dfca6169a83881b184885
J2024_hg38_1000u_0d_UCSC.psbg1.txt	879	39581		50a7287f0c06e147fa1cd3ba1a9b66da8f0e609895e2c4dee1884526dae85716
J2024_hg38_1000u_0d_UCSC.psbg2.txt	879	39862		9467ab82e0e590b78aa5854f9ccfec944b1f4d2e205d79a900e4a036ce626ce0
J2024_hg38_200u_50d_UCSC.psbg1.txt	879	39438		db173960a7e97f616ed60b19db917bfbe8e28969ace0b6ed6c6a3cb3eae37249
J2024_hg38_200u_50d_UCSC.psbg2.txt	879	39719		15be78d01840185d10248a3ffa9b1eb57b99d16f29e89738192e5f32cd9aa01d
J2024_hg38_450u_50d_UCSC.psbg1.txt	879	39518		db59de5123b1fa4c472828068525023b194d8c83606735dae82d4b027ab20ee3
J2024_hg38_450u_50d_UCSC.psbg2.txt	879	39799		500eee79410b85aca2f6953311185e60ea5e9d705f400c3dc1b2284b5e0d4d96
J2024_hg38_500u_0d_UCSC.psbg1.txt	879	39524		4ee7e90ed525d1a0899286f2f3b434c9d9634978a0a13b158b6eb89bfc5868db
J2024_hg38_500u_0d_UCSC.psbg2.txt	879	39805		f3bbb082830406325fbbdf43d2d2486f2b82ec8d546a3e8c396daf582ac0830d
J2024_hg38_950u_50d_UCSC.psbg1.txt	879	39583		0749113451626b6a4e1cc3c50453ae364ba8ce80e48a5232c4be46d409104aa1
J2024_hg38_950u_50d_UCSC.psbg2.txt	879	39864		baf4ea1bbcbd6baf579028bc41f133580fd1bd087117a45f26a65332f80f99ca
J2024_hs1_1000u_0d_UCSC.psbg1.txt	879	39591		664a473f02cd1cfd9f740193139190b6b2cfcb7de9768316126e05c79df5aee6
J2024_hs1_1000u_0d_UCSC.psbg2.txt	879	39591		05ae44060f40de51af61f56c570fe6840937cfacb5f2498b36ce13d3ef22611e
J2024_hs1_200u_50d_UCSC.psbg1.txt	879	39405		3b85d10ab2c9f15a96cfecc29e50df8141ac8353a6cfc89056f9bbb69a89bdfc
J2024_hs1_200u_50d_UCSC.psbg2.txt	879	39405		dae11a05ebc36bbd7176018afda45d3a89c078bcf3aaf23f3136ec9b39b157c5
J2024_hs1_450u_50d_UCSC.psbg1.txt	879	39500		addf66427619426d03866c3179507fe3f904a752afb1e0578300da1c90990038
J2024_hs1_450u_50d_UCSC.psbg2.txt	879	39500		3c366be416b98f971285ad3997d2d077fe20dc22e69a74c568b830e25825bd47
J2024_hs1_500u_0d_UCSC.psbg1.txt	879	39503		595e56b32ae7dd23f7947301cdb11e1236f614f00cb022a7b6e10268a5eec90f
J2024_hs1_500u_0d_UCSC.psbg2.txt	879	39503		07381af854b8db2853d3e582cbc216f2189ea58b1b7a8c6f9ce90f7fe8cfec4f
J2024_hs1_950u_50d_UCSC.psbg1.txt	879	39591		92d5591b9828d1a2a4a6b1767c9b691318204ff49eec416640237d5c6a499b53
J2024_hs1_950u_50d_UCSC.psbg2.txt	879	39591		4fc5a3251a6038a29586975ee7bdc223fd2eb6e3b9bdb27d42cf733536585f3a
J2024_mm10_1000u_0d_UCSC.psbg1.txt	879	31508		6fd8ac4e3e14732f4d49cba09354c9448108a3f102291d8d3ce6b8eee2f3844e
J2024_mm10_1000u_0d_UCSC.psbg2.txt	879	31508		0bfed7c268f994121a2c4b54293349d223d42cb18b422fb97f39e2047e3ee237
J2024_mm10_200u_50d_UCSC.psbg1.txt	879	31383		38d1721106ec15793be10262c322db0bd06e66961e8ac04e3bcbc6a8909af2e4
J2024_mm10_200u_50d_UCSC.psbg2.txt	879	31383		b6972a9698ed3496f08ea4a7735123db413f461990db73e024409aa4727a64b2
J2024_mm10_450u_50d_UCSC.psbg1.txt	879	31440		3c7e792a23731457052d5c71ed06792e841675405fa31fcdf0c197591f94f80a
J2024_mm10_450u_50d_UCSC.psbg2.txt	879	31440		4a38cf31ea214c3553d982beb11775a45cbad6ba3d83d0bcc1223fc8fae07029
J2024_mm10_500u_0d_UCSC.psbg1.txt	879	31443		81b0e96df920814420cb2f42b483ccd91282095f746657e889c6fc708a301352
J2024_mm10_500u_0d_UCSC.psbg2.txt	879	31443		64dd42754af4ac08d407717e91f1ba776ab628ce19f819f4d12d1af50f82976c
J2024_mm10_950u_50d_UCSC.psbg1.txt	879	31504		ce87164feb7d913b946787d571d550c48ff531e971f2a5c2f0c8c461da2bd207
J2024_mm10_950u_50d_UCSC.psbg2.txt	879	31504		686766b034479c952efa82f65dc4e8bb729561ea9d4395451e9dbcddac69f950
J2024_mm39_1000u_0d_UCSC.psbg1.txt	879	33378		420e1045dc26dc7e92241fa81b80872726cd6fa14d2d70e7fd40ddeb87df7489
J2024_mm39_1000u_0d_UCSC.psbg2.txt	879	33378		874ae59955fb8cfcb659fa1f3bd87e5b1e0c5c88eaa39531a9f7e00349d03091
J2024_mm39_200u_50d_UCSC.psbg1.txt	879	33248		24ef8d4118634075dea8baa604488a2081d8cc6cd9b94faa5ba94f072969c1d4
J2024_mm39_200u_50d_UCSC.psbg2.txt	879	33248		7a281efdefe9284783f902714e5d62843616c5761d1def195d4e84f61a545f85
J2024_mm39_450u_50d_UCSC.psbg1.txt	879	33308		e608a4c6722a5a60f76c0970bd9b594e16a5fc930965cb1ce03dc6774e8a5528
J2024_mm39_450u_50d_UCSC.psbg2.txt	879	33308		246d96341f3546a56d4ceb1ad059542f50047362b79bb0901f14ce8e569be681
J2024_mm39_500u_0d_UCSC.psbg1.txt	879	33312		51fe5f119cecb30a0ee3b527106773e2f528d9dd24c0aec1eb424ca107fb4c0e
J2024_mm39_500u_0d_UCSC.psbg2.txt	879	33312		78dd94f7437a4cd87b015b1eace97f1344bc2af7ee2197a734cfe32344a0e8f5
J2024_mm39_950u_50d_UCSC.psbg1.txt	879	33374		7a54a49e0b102f228e80ddbeb7c58f16bc3c0ac7702cf68c4b0c8cfd9f9bd6a7
J2024_mm39_950u_50d_UCSC.psbg2.txt	879	33374		80db059af61e5e09a5ac0735de6e685930591705c881647951054830fc0503fd
J2024_sacCer3_1000u_0d_UCSC.psbg1.txt	178	6571		1c1ee554a80f584716cff3335b38bdc8533341fe2aab801cd01e29fcfe00e3c1
J2024_sacCer3_1000u_0d_UCSC.psbg2.txt	178	6571		9673ada16dc257064320263ee4941a02e8486ab5462df3c736aa62c9e65f5241
J2024_sacCer3_200u_50d_UCSC.psbg1.txt	178	6544		0bb131084be9cf3531be0fd30a5c74a993e4d4fd89122092054d78a211d38b07
J2024_sacCer3_200u_50d_UCSC.psbg2.txt	178	6544		1631345c12c0e330337f43235305c2b11655476a7c680835121f76035bbac264
J2024_sacCer3_450u_50d_UCSC.psbg1.txt	178	6570		547e1804a1aacaaa8dce3d612b72dc6e9824f9e6fcc177579e95af458c7dff64
J2024_sacCer3_450u_50d_UCSC.psbg2.txt	178	6570		73e68407607ca504c5bfddb7d4e9c5ebaa97ba15ae0ebb13eba2c2bdd5bcf160
J2024_sacCer3_500u_0d_UCSC.psbg1.txt	178	6571		61ea25cbc35f35c8aaf4e57a2586f5d7abb8307ef81930c9ed82db9f66ffcdc3
J2024_sacCer3_500u_0d_UCSC.psbg2.txt	178	6571		ae0cf079455d103d52ba893a7f1e6e5ec8ce8b012099d4153c80e28dbc5ab361
J2024_sacCer3_950u_50d_UCSC.psbg1.txt	178	6571		0d00f8cb21e2bcc22381c01b12552de8c9a7f0cd4aeb3f95da3c8c376718cefe
J2024_sacCer3_950u_50d_UCSC.psbg2.txt	178	6571		4f39b75dff44826474c98ab177db3cfc1a110da761d903d5b5360de8ad7e1c0d
J2024_TAIR9_1000u_0d_TAIR.psbg1.txt	805	36405		ae03cc4f315e62dca13f7f830094cd15c6a4c32e85e6bf1d1c28723f012bd33e
J2024_TAIR9_1000u_0d_TAIR.psbg2.txt	805	36405		e9ff5282cd0ccffd939f8b91e45a3b626705243f65ff894e43851511b250475f
J2024_TAIR9_200u_50d_TAIR.psbg1.txt	805	36331		f592c73ed95e60359bf94c5c5d4de51f44fdc081a1ea7b24d7ef9243670da981
J2024_TAIR9_200u_50d_TAIR.psbg2.txt	805	36331		1459bf5f91f07b0ce76f569df5082e1c9e88600c71a0bf4d95fe4d0ff766f1f9
J2024_TAIR9_450u_50d_TAIR.psbg1.txt	805	36368		188f8f69e257ac80e43853d2cfe27d6e8d43e02ad2719793b8990c4dfd9058f6
J2024_TAIR9_450u_50d_TAIR.psbg2.txt	805	36368		9897d45487fd166de17119735bf8cb33c82a627e1ce16d97306bc7519048ada2
J2024_TAIR9_500u_0d_TAIR.psbg1.txt	805	36371		68ee02551035ac66a96ae0f1ca363132fc40767e0e0b6b59060d200dea7ed1d9
J2024_TAIR9_500u_0d_TAIR.psbg2.txt	805	36371		c9c74733abc74cc86859977c28bcfc6ddb86481a9be408ba5dffe85d5a1c7430
J2024_TAIR9_950u_50d_TAIR.psbg1.txt	805	36406		117c354876029c7ae735de0016c7128415c8c54850fcefc464be4e8663d716fc
J2024_TAIR9_950u_50d_TAIR.psbg2.txt	805	36406		cdb2f37941f1a2afe53a5372d6d010a89fab96115c0b3b7af7afa3e02c547808
