key	organism	assembly	upstream	downstream	jaspar_release	reference_artifact	reference_sha256	candidate_artifact	candidate_sha256	reference_size	candidate_size	reference_motifs	candidate_motifs	shared_motifs	added_motifs	removed_motifs	mean_correlation	sd_correlation	mean_absolute_delta	mean_maximum_delta	sd_absolute_delta	sd_maximum_delta	normalized_mean_shift_p95	normalized_mean_shift_maximum	sd_ratio_p01	sd_ratio_median	sd_ratio_p99	sd_ratio_minimum	sd_ratio_maximum	zero_variance_sentinels	promoter_count_delta	promoter_count_relative_delta
dm:dm6:200:50:2020	dm	dm6	200	50	2020	BG_files/J2020_dm6_200u_50d_UCSC.psbg1.txt	6711835f3898f6c3c8f14c48aaf59d9ee62f0ab1d19fbb3eac738aa4cfeb9e7b	BG_files/J2020_dm6_200u_50d_UCSC.psbg2.txt	3e0dfa8b5b99931b02e498f35f42f6e608bb201aa26a452afa3180e8d6dc30c8	22400	22400	143	143	143	0	0	1	1	6.98741763750099e-18	9.99200722162641e-16	6.30808536718839e-18	1.11022302462516e-16	0	1.55325155182488e-14	1	1	1	0.999999999999999	1	0	0	0
dm:dm6:450:50:2020	dm	dm6	450	50	2020	BG_files/J2020_dm6_450u_50d_UCSC.psbg1.txt	ab553d4bbc417caadbf86a6ee7f1bd646b5c63cb7a8698217f5f71f8d0285019	BG_files/J2020_dm6_450u_50d_UCSC.psbg2.txt	4dba235d2795f45e1c713c12699754283ffd4bf0aee4d492fc4a4b6d00768135	22454	22454	143	143	143	0	0	1	1	1.3974835275002e-17	9.99200722162641e-16	6.98741763750099e-18	1.04083408558608e-16	0	1.78675782885917e-14	1	1	1	0.999999999999998	1	0	0	0
dm:dm6:500:0:2020	dm	dm6	500	0	2020	BG_files/J2020_dm6_500u_0d_UCSC.psbg1.txt	c13d6faf98749f9100910cd286d87f338f4b422c194f933d705dca9c23e07f48	BG_files/J2020_dm6_500u_0d_UCSC.psbg2.txt	35cdeb2d5558cdf6acbea36fc3e9246789158c2a4eed2a246a37514421e5d10c	22460	22460	143	143	143	0	0	1	1	6.98741763750099e-18	9.99200722162641e-16	4.85237335937568e-18	1.04083408558608e-16	0	2.08093767119716e-14	0.999999999999999	1	1	0.999999999999997	1	0	0	0
dm:dm6:950:50:2020	dm	dm6	950	50	2020	BG_files/J2020_dm6_950u_50d_UCSC.psbg1.txt	c80252ed98ba7686cc6664724eb879ae96678e0861ad6391c012527d85a36fa4	BG_files/J2020_dm6_950u_50d_UCSC.psbg2.txt	576ad09e9a371058eaec373b14b51468279f89606ee356eebbcd3d7426e9dddf	22511	22511	143	143	143	0	0	1	1	2.0962252912503e-17	9.99200722162641e-16	6.28382350039151e-18	1.04083408558608e-16	0	2.87769422828407e-14	0.999999999999997	1	1	0.999999999999996	1	0	0	0
dm:dm6:1000:0:2020	dm	dm6	1000	0	2020	BG_files/J2020_dm6_1000u_0d_UCSC.psbg1.txt	0de75697e4f7a766fc978763ad40afbe753973db906a25f0a8458dbdebdd091c	BG_files/J2020_dm6_1000u_0d_UCSC.psbg2.txt	01b58900d8fd2cb0df7b9de54dfb2b7dce96fd22c4670e60261bf9117e0963b9	22513	22513	143	143	143	0	0	1	1	6.98741763750099e-18	9.99200722162641e-16	5.62875309687579e-18	1.11022302462516e-16	0	1.69233089627255e-14	0.999999999999999	1	1	0.999999999999998	1	0	0	0
hs:hg38:200:50:2020	hs	hg38	200	50	2020	BG_files/J2020_hg38_200u_50d_UCSC.psbg1.txt	f40f20b1272d3548c0065072369ed2cd25f2adcf7025a5c580a381f8f2aca034	BG_files/J2020_hg38_200u_50d_UCSC.psbg2.txt	12eac3ce9c7b79dc8ab4face65e83dc93edfbc4850f74aae206b58c9e761aebf	39438	39719	746	746	746	0	0	0.999999749119481	0.999997371354376	3.45885667101972e-05	0.000131497083719068	2.67525137248881e-05	0.000144907381561005	0.00133666999085003	0.00180415626195156	0.998924301857194	1.00020492857751	1.00135342325839	0.998185509446836	1.00212843799179	0	281	0.0071251077640854
hs:hg38:450:50:2020	hs	hg38	450	50	2020	BG_files/J2020_hg38_450u_50d_UCSC.psbg1.txt	34ebf503309a2d5503acefe5bafb0690f830eb4997ea4383e1ad086c226c8d9f	BG_files/J2020_hg38_450u_50d_UCSC.psbg2.txt	b560c7f5be93950d62fe9d022078d8214bf1079a55a66da115a49cd1ab81c247	39518	39799	746	746	746	0	0	0.999999847583973	0.999997661235247	2.3129837470357e-05	9.65875041389896e-05	1.954591922032e-05	0.0001227055707331	0.0010866273346864	0.00151273010295458	0.999069348443947	1.00012793845196	1.00115565434838	0.998125811928348	1.00217630322162	0	281	0.00711068373905562
hs:hg38:500:0:2020	hs	hg38	500	0	2020	BG_files/J2020_hg38_500u_0d_UCSC.psbg1.txt	1a8fcd5b6bc948a615b78c8f9609a4f743f21f5c11417b6654ca1acc0d639bc2	BG_files/J2020_hg38_500u_0d_UCSC.psbg2.txt	3a5ef61ada495f70882de7c2e2edf52b9bc76329673b66827b73c7e99fc8bcd0	39524	39805	746	746	746	0	0	0.999999858769933	0.999997810229581	2.22967564098057e-05	9.39712875280829e-05	1.9245844978167e-05	0.000117806096967703	0.00101977441158874	0.00159700634850253	0.999014283439162	1.00012144753163	1.00103265700935	0.998716040885303	1.00210650018903	0	281	0.00710960429106366
hs:hg38:950:50:2020	hs	hg38	950	50	2020	BG_files/J2020_hg38_950u_50d_UCSC.psbg1.txt	9f70c209f0216817ef4673db2fedab7c7ac1da0b58a466df5294f2d4da1f438c	BG_files/J2020_hg38_950u_50d_UCSC.psbg2.txt	2dde1d4d3d7daa13cf04fc7e23b928ccd95fba04c7bb7cb47b0d4630a58efc94	39583	39864	746	746	746	0	0	0.999999882253929	0.999997365919777	2.11450779697686e-05	7.70773228510047e-05	1.60344226930346e-05	0.000100587739587099	0.00101697777688246	0.00153440561990149	0.99906788953991	0.999983703454013	1.00098846576822	0.998321559749515	1.00191249975884	0	281	0.00709900714953389
hs:hg38:1000:0:2020	hs	hg38	1000	0	2020	BG_files/J2020_hg38_1000u_0d_UCSC.psbg1.txt	c9dd3726434077868a8f1d06d4a5e01a16c6c350d9c80311a716482215c565f0	BG_files/J2020_hg38_1000u_0d_UCSC.psbg2.txt	978d4e2c40f7719206930bc5b4a6e8d927fce443adadb5514aea7be3acb63ffc	39581	39862	746	746	746	0	0	0.999999868201822	0.999997380394203	2.30979830884667e-05	8.5050395051911e-05	1.6075421271295e-05	8.57920930973019e-05	0.00104050288145139	0.00162294227566267	0.999052986640958	0.999949564456207	1.00094025830672	0.998812917191763	1.00164262057574	0	281	0.0070993658573558
hs:hs1:200:50:2020	hs	hs1	200	50	2020	BG_files/J2020_hs1_200u_50d_UCSC.psbg1.txt	6ede502af6bdb04dc08907d383573a300d8489f69b7012acdebc5da788299b37	BG_files/J2020_hs1_200u_50d_UCSC.psbg2.txt	3f824e7b59c57a09d6d8f4fe36da0b35b3a24887d49a4a8ea98c96649df7de3f	39405	39405	746	746	746	0	0	1	1	8.03646693428398e-18	9.99200722162641e-16	5.70179887814361e-18	1.11022302462516e-16	0	1.97311243223031e-14	0.999999999999998	1	1	0.999999999999998	1	0	0	0
hs:hs1:450:50:2020	hs	hs1	450	50	2020	BG_files/J2020_hs1_450u_50d_UCSC.psbg1.txt	8cac798dcb24518bb04653a589b90d2451afdb624c4c5a7512ff2a14d8c90401	BG_files/J2020_hs1_450u_50d_UCSC.psbg2.txt	040c9e4c88df806f6038f610d0cc198039eb140f2a520f58530becab61944d61	39500	39500	746	746	746	0	0	1	1	6.69705577856998e-18	9.99200722162641e-16	4.13915252981061e-18	1.11022302462516e-16	0	1.65276084495101e-14	0.999999999999998	1	1	0.999999999999998	1	0	0	0
hs:hs1:500:0:2020	hs	hs1	500	0	2020	BG_files/J2020_hs1_500u_0d_UCSC.psbg1.txt	ab1caca35d583c2c4e38168d06f73e8b6a2e6f7340bab14940561be15f578b04	BG_files/J2020_hs1_500u_0d_UCSC.psbg2.txt	e79db86e52af75afe6d24545b2bd248db3fdbc6d832766f820219bdccd609ce2	39503	39503	746	746	746	0	0	1	1	5.35764462285598e-18	9.99200722162641e-16	4.49260825145736e-18	1.04083408558608e-16	0	2.09167990178207e-14	0.999999999999998	1	1	0.999999999999998	1	0	0	0
hs:hs1:950:50:2020	hs	hs1	950	50	2020	BG_files/J2020_hs1_950u_50d_UCSC.psbg1.txt	059189e1bebd8d757bca908cb78309751a9cece3de385851dc9d44f0f6410c0d	BG_files/J2020_hs1_950u_50d_UCSC.psbg2.txt	dd42defb77fdb38f56c245f6f2f1a8d9d39ddfc7917d3828e4144e99bacd0641	39591	39591	746	746	746	0	0	1	1	5.35764462285598e-18	9.99200722162641e-16	4.4135457874048e-18	1.04083408558608e-16	0	2.62973854541393e-14	0.999999999999998	1	1	0.999999999999997	1	0	0	0
hs:hs1:1000:0:2020	hs	hs1	1000	0	2020	BG_files/J2020_hs1_1000u_0d_UCSC.psbg1.txt	29c37f8ef75baa2f747bd8b08de64b0e8f66e4e476c8773e013cc5e3fe7c65f0	BG_files/J2020_hs1_1000u_0d_UCSC.psbg2.txt	c8c5a02008122217dc806e93ca25ddd728b6707b894d026063438060bce0b832	39591	39591	746	746	746	0	0	1	1	1.2054700401426e-17	9.99200722162641e-16	3.35782935564411e-18	1.04083408558608e-16	0	2.37868862273754e-14	0.999999999999998	1	1	0.999999999999997	1	0	0	0
mm:mm10:200:50:2020	mm	mm10	200	50	2020	BG_files/J2020_mm10_200u_50d_UCSC.psbg1.txt	552e42290d62c1851958cd56c554b61e89ecb744ac166f3d517376af0cca7124	BG_files/J2020_mm10_200u_50d_UCSC.psbg2.txt	7e6daef78a489bc578c56916cf9b92f61de027d9e91d00e08b2191cbb62fb7e3	31383	31383	746	746	746	0	0	1	1	1.2054700401426e-17	9.99200722162641e-16	5.05999769936398e-18	1.11022302462516e-16	0	2.26380631967749e-14	0.999999999999998	1	1	0.999999999999997	1	0	0	0
mm:mm10:450:50:2020	mm	mm10	450	50	2020	BG_files/J2020_mm10_450u_50d_UCSC.psbg1.txt	2a6d08330f3bb7ed00770d0deaa3141d4075cf94ace3d50586e8862e05523318	BG_files/J2020_mm10_450u_50d_UCSC.psbg2.txt	16320f53a4c3b08ba07730b796a4c80005dbff472cfc2524d3f215e3a11e035b	31440	31440	746	746	746	0	0	1	1	8.03646693428398e-18	9.99200722162641e-16	4.58562291504861e-18	1.04083408558608e-16	0	2.17415341869501e-14	0.999999999999998	1	1	0.999999999999997	1	0	0	0
mm:mm10:500:0:2020	mm	mm10	500	0	2020	BG_files/J2020_mm10_500u_0d_UCSC.psbg1.txt	fc43504d6beb4940a9e10072bbdf8e209c9226c214b963503314148e89d677a7	BG_files/J2020_mm10_500u_0d_UCSC.psbg2.txt	5296ebac42e3dc097ec9d799b52bd72c815f27f71c4d02168dd153e9ad765f92	31443	31443	746	746	746	0	0	1	1	5.35764462285598e-18	9.99200722162641e-16	5.11580649751873e-18	1.11022302462516e-16	0	2.14845156037794e-14	0.999999999999998	1	1	0.999999999999998	1	0	0	0
mm:mm10:950:50:2020	mm	mm10	950	50	2020	BG_files/J2020_mm10_950u_50d_UCSC.psbg1.txt	3a12569d655b9a1c952ae45c0069cd2d7d90bae591c770b8d826352ed6b7e1b1	BG_files/J2020_mm10_950u_50d_UCSC.psbg2.txt	8dae347adefdad6c16dca4914be46d54e612ba53dae41e54329d7608db862a12	31504	31504	746	746	746	0	0	1	1	4.01823346714199e-18	9.99200722162641e-16	5.42275488736986e-18	1.11022302462516e-16	0	2.05567712995621e-14	0.999999999999998	1	1	0.999999999999997	1	0	0	0
mm:mm10:1000:0:2020	mm	mm10	1000	0	2020	BG_files/J2020_mm10_1000u_0d_UCSC.psbg1.txt	25227864cc635127e39131c878bcbd17f11461280cd9b28ecd5ff744ca20d1f4	BG_files/J2020_mm10_1000u_0d_UCSC.psbg2.txt	227abfc9ec910ae3d6e86e8dfe4c942a9ea25a787b2fb4519507bc455bd7a925	31508	31508	746	746	746	0	0	1	1	1.2054700401426e-17	9.99200722162641e-16	3.64617481277699e-18	1.11022302462516e-16	0	2.91877774665686e-14	0.999999999999998	1	1	0.999999999999997	1	0	0	0
mm:mm39:200:50:2020	mm	mm39	200	50	2020	BG_files/J2020_mm39_200u_50d_UCSC.psbg1.txt	579cbcd602b6b98c55cbd64e021b0af71ca3f1b43d6802ad64543a7dffea60bb	BG_files/J2020_mm39_200u_50d_UCSC.psbg2.txt	af3929fd0261858d98a05cfec00802d6c87b443d347bc9d9761d29a58b0416a3	33248	33248	746	746	746	0	0	1	1	1.4733522712854e-17	9.99200722162641e-16	4.59492438140774e-18	1.11022302462516e-16	0	2.77497750396307e-14	0.999999999999998	1	1	0.999999999999998	1	0	0	0
mm:mm39:450:50:2020	mm	mm39	450	50	2020	BG_files/J2020_mm39_450u_50d_UCSC.psbg1.txt	976446621b186e425764e4168fc15e06aa46ee3de9ce7df77ad6c2b08d7eaca5	BG_files/J2020_mm39_450u_50d_UCSC.psbg2.txt	ea8a1244a41893eb7be13e864e4888e09dc56c1619ff045d3757808973fcc44f	33308	33308	746	746	746	0	0	1	1	5.35764462285598e-18	9.99200722162641e-16	4.71584344407636e-18	1.11022302462516e-16	0	1.83966241002152e-14	0.999999999999998	1	1	0.999999999999998	1	0	0	0
mm:mm39:500:0:2020	mm	mm39	500	0	2020	BG_files/J2020_mm39_500u_0d_UCSC.psbg1.txt	e416fdb114270e173383543766842c50d0ea9b6de3abf2f920873bbfc33b29b0	BG_files/J2020_mm39_500u_0d_UCSC.psbg2.txt	7690974dcf0b55ada0da75888154180fac5e03dad7e8cf40e7e9e0b5e50602f3	33312	33312	746	746	746	0	0	1	1	9.37587808999797e-18	9.99200722162641e-16	3.49735135103099e-18	1.11022302462516e-16	0	2.60366198542408e-14	0.999999999999998	1	1	0.999999999999998	1	0	0	0
mm:mm39:950:50:2020	mm	mm39	950	50	2020	BG_files/J2020_mm39_950u_50d_UCSC.psbg1.txt	03ce660635f94fc896e4394841b5e2e5c270d9d2d7fc7135a37e5fec8e957f25	BG_files/J2020_mm39_950u_50d_UCSC.psbg2.txt	1175ae9441d7e06c63c4351b9d73cf31a0a1a728f188437572d7da4522f9ecf1	33374	33374	746	746	746	0	0	1	1	5.35764462285598e-18	9.99200722162641e-16	4.52981411689386e-18	1.11022302462516e-16	0	2.10352637221239e-14	0.999999999999998	1	1	0.999999999999997	1	0	0	0
mm:mm39:1000:0:2020	mm	mm39	1000	0	2020	BG_files/J2020_mm39_1000u_0d_UCSC.psbg1.txt	9091559a6d20060ede5d4d64611fe81042c1a532de363ba5a309335945b126be	BG_files/J2020_mm39_1000u_0d_UCSC.psbg2.txt	6005795c85e3bbdaa4a48cbdae5f0fe728df4f05aa0047e4712209347945262e	33378	33378	746	746	746	0	0	1	1	9.37587808999797e-18	9.99200722162641e-16	5.47856368552461e-18	1.04083408558608e-16	0	2.45056478224931e-14	0.999999999999998	1	1	0.999999999999997	1	0	0	0
sc:sacCer3:200:50:2020	sc	sacCer3	200	50	2020	BG_files/J2020_sacCer3_200u_50d_UCSC.psbg1.txt	6c024295f462075b4a0c96a0d45751fe4bd2585f0700e2b33fb11e8d843fc0f4	BG_files/J2020_sacCer3_200u_50d_UCSC.psbg2.txt	0b1edb71e6b573b42a1695ffec6979e2f18b63bb5597596162b4f1b2222017e3	6544	6544	183	183	183	0	0	1	1	2.73005661793071e-17	9.99200722162641e-16	4.32258964505696e-18	1.04083408558608e-16	0	2.58532088795604e-14	1	1	1	0.999999999999998	1	0	0	0
sc:sacCer3:450:50:2020	sc	sacCer3	450	50	2020	BG_files/J2020_sacCer3_450u_50d_UCSC.psbg1.txt	efa036d41d1423c4d17a32706460bf8ae0908fed3cda12a80854c656da70556f	BG_files/J2020_sacCer3_450u_50d_UCSC.psbg2.txt	72000cb8e164251a1e00e2bbd6dfddb6adb5397cf166db55f6c5a2459450445b	6570	6570	183	183	183	0	0	1	1	1.63803397075843e-17	9.99200722162641e-16	4.32258964505696e-18	1.04083408558608e-16	0	1.82242124230026e-14	1	1	1	0.999999999999999	1	0	0	0
sc:sacCer3:500:0:2020	sc	sacCer3	500	0	2020	BG_files/J2020_sacCer3_500u_0d_UCSC.psbg1.txt	92d133529241defca591ff95b3b41e7b1fea5ab23efbbcab1adc52e2fcf105ba	BG_files/J2020_sacCer3_500u_0d_UCSC.psbg2.txt	aa2026ff5db0707399f84c2e7ee3f1a3ccad3c7a9fb92004276c46e41fce1f43	6571	6571	183	183	183	0	0	1	1	1.63803397075843e-17	9.99200722162641e-16	7.65932551141672e-18	1.11022302462516e-16	0	2.90421438405106e-14	1	1	1	1	1	0	0	0
sc:sacCer3:950:50:2020	sc	sacCer3	950	50	2020	BG_files/J2020_sacCer3_950u_50d_UCSC.psbg1.txt	19380d2f6031de3d2b8cef0ae05cab015c0a86a523162833956fe66b2b7f6ddc	BG_files/J2020_sacCer3_950u_50d_UCSC.psbg2.txt	959da1e8b04a5a4714d89f928f4239139d547754ec354014b35f7357eaf3644f	6571	6571	183	183	183	0	0	1	1	5.46011323586143e-18	9.99200722162641e-16	7.22327480160834e-18	1.11022302462516e-16	0	1.66895701788914e-14	1	1	1	0.999999999999997	1	0	0	0
sc:sacCer3:1000:0:2020	sc	sacCer3	1000	0	2020	BG_files/J2020_sacCer3_1000u_0d_UCSC.psbg1.txt	52b644aea85638bd68c9cfd3595ab482fe6744ecfb598f1adaaf3fa4cb53cfb9	BG_files/J2020_sacCer3_1000u_0d_UCSC.psbg2.txt	3119cae418ccfd42755436a8b7510369934d792ce4ccedcf1cb2711c1827a36d	6571	6571	183	183	183	0	0	1	1	2.18404529434457e-17	9.99200722162641e-16	4.96244666488447e-18	1.04083408558608e-16	0	2.72362578427771e-14	1	1	1	0.999999999999998	1	0	0	0
at:TAIR9:200:50:2020	at	TAIR9	200	50	2020	BG_files/J2020_TAIR9_200u_50d_TAIR.psbg1.txt	c4e018f838843284bb4c7a25f287f85a0f6640fc5a86676eea10642caf9ffaf6	BG_files/J2020_TAIR9_200u_50d_TAIR.psbg2.txt	4b72e41054e30fa15ca4a047a571691835872c46f98f3244fb621c2329aaaaf9	36331	36331	530	530	530	0	0	1	1	7.54113752575578e-18	9.99200722162641e-16	5.23690105955263e-18	1.04083408558608e-16	0	2.18263427978216e-14	0.999999999999998	1	1	0.999999999999997	1	0	0	0
at:TAIR9:450:50:2020	at	TAIR9	450	50	2020	BG_files/J2020_TAIR9_450u_50d_TAIR.psbg1.txt	55ad48205ecfed521ad81cfe4b750b5693f445e85047fef3ecc474c4f5d02509	BG_files/J2020_TAIR9_450u_50d_TAIR.psbg2.txt	063bac7565c2a3183ca0f25d5e56667cec29643a66af47e6bcf6d63b95015de3	36368	36368	530	530	530	0	0	1	1	9.42642190719472e-18	9.99200722162641e-16	4.98160213289943e-18	1.04083408558608e-16	0	5.03534359282087e-14	0.999999999999998	1	1	0.999999999999998	1.00000000000001	0	0	0
at:TAIR9:500:0:2020	at	TAIR9	500	0	2020	BG_files/J2020_TAIR9_500u_0d_TAIR.psbg1.txt	ca13d52fe93a679f64a28dde2e7802098b2ac3fc5f72794af55eab2f3703a64a	BG_files/J2020_TAIR9_500u_0d_TAIR.psbg2.txt	ec5d910fbe72b6cbc16d610ce3995330fa4746069cc1fab84de63f6431c5ceab	36371	36371	530	530	530	0	0	1	1	7.54113752575578e-18	9.99200722162641e-16	4.37281238472644e-18	1.11022302462516e-16	0	2.1405724259263e-14	0.999999999999998	1	1	0.999999999999997	1	0	0	0
at:TAIR9:950:50:2020	at	TAIR9	950	50	2020	BG_files/J2020_TAIR9_950u_50d_TAIR.psbg1.txt	507b7ef78cd593300d4de31f6188668770d17a3bc5eb02339ffddd878474f919	BG_files/J2020_TAIR9_950u_50d_TAIR.psbg2.txt	bab5e89332bd11d47fefc36a2a817a0df989bb8fde9bae60aa216eb1fa271669	36406	36406	530	530	530	0	0	1	1	9.42642190719472e-18	9.99200722162641e-16	5.10761506464492e-18	1.04083408558608e-16	0	2.61553840625906e-14	0.999999999999998	1	1	0.999999999999996	1.00000000000001	0	0	0
at:TAIR9:1000:0:2020	at	TAIR9	1000	0	2020	BG_files/J2020_TAIR9_1000u_0d_TAIR.psbg1.txt	0728d4c6f009a7d69068a748e05a7a010615eb2e8caaf2d793e6efb21a9336a8	BG_files/J2020_TAIR9_1000u_0d_TAIR.psbg2.txt	c1e5ce982c9747856160ad03529ec1b8a1230a12496083e29dfb497a87470f6f	36405	36405	530	530	530	0	0	1	1	1.69675594329505e-17	9.99200722162641e-16	4.75903383786845e-18	1.11022302462516e-16	0	2.87518036982512e-14	0.999999999999998	1	1	0.999999999999996	1	0	0	0
dm:dm6:200:50:2022	dm	dm6	200	50	2022	BG_files/J2022_dm6_200u_50d_UCSC.psbg1.txt	04e523407feeae3836ab1195464025ccbe274c1a51abd86d9e8b3d9ca8869900	BG_files/J2022_dm6_200u_50d_UCSC.psbg2.txt	deb7c0ae2e9fc597eeeae3a0e95578bf5eb2c96e63c394b10c46b841962f83ba	22400	22400	150	150	150	0	0	1	1	6.66133814775094e-18	9.99200722162641e-16	6.01370805005293e-18	1.11022302462516e-16	0	1.55325155182488e-14	1	1	1	0.999999999999999	1	0	0	0
dm:dm6:450:50:2022	dm	dm6	450	50	2022	BG_files/J2022_dm6_450u_50d_UCSC.psbg1.txt	294b4d1e2e5fd47bd4c54d651c6cce0dbb12b5ee45ae01dce39a38a64a337c2a	BG_files/J2022_dm6_450u_50d_UCSC.psbg2.txt	498ebe805b6acaf1a2a64d3b406af2f565e8ecf06b3799ab82e912e8a8a294c3	22454	22454	150	150	150	0	0	1	1	1.33226762955019e-17	9.99200722162641e-16	6.66133814775094e-18	1.04083408558608e-16	0	1.78675782885917e-14	1	1	1	0.999999999999998	1	0	0	0
dm:dm6:500:0:2022	dm	dm6	500	0	2022	BG_files/J2022_dm6_500u_0d_UCSC.psbg1.txt	0751fbdb34218880f8eb6312c07ec057abcbf2252edb0d3873ed435c8e32c484	BG_files/J2022_dm6_500u_0d_UCSC.psbg2.txt	0a5f5e040937712ab0941957035e36e9c9ebf3fb4d638d9aeb90f59a70ffaf47	22460	22460	150	150	150	0	0	1	1	6.66133814775094e-18	9.99200722162641e-16	4.62592926927149e-18	1.04083408558608e-16	0	2.08093767119716e-14	0.999999999999999	1	1	0.999999999999997	1	0	0	0
dm:dm6:950:50:2022	dm	dm6	950	50	2022	BG_files/J2022_dm6_950u_50d_UCSC.psbg1.txt	ea886b899cb5b5fab0f37187a1b47bbdb8002afe07814b8ee9de61c17394e02f	BG_files/J2022_dm6_950u_50d_UCSC.psbg2.txt	5fe792b6b4998940d25e8c5ccb15eb36549b9868a9cc3500aae4898868002edf	22511	22511	150	150	150	0	0	1	1	1.99840144432528e-17	9.99200722162641e-16	5.99057840370657e-18	1.04083408558608e-16	0	2.87769422828407e-14	0.999999999999997	1	1	0.999999999999996	1	0	0	0
dm:dm6:1000:0:2022	dm	dm6	1000	0	2022	BG_files/J2022_dm6_1000u_0d_UCSC.psbg1.txt	9a2c7a1bd42eec2d5f13cb56a74b992fbc64e898598d502718a90cd01ea08820	BG_files/J2022_dm6_1000u_0d_UCSC.psbg2.txt	2a6239646d5bfc1a2af4470e307ce07a03a65d1b96cd6fcffae02682514ac773	22513	22513	150	150	150	0	0	1	1	6.66133814775094e-18	9.99200722162641e-16	5.36607795235492e-18	1.11022302462516e-16	0	1.69233089627255e-14	0.999999999999999	1	1	0.999999999999998	1	0	0	0
hs:hg38:200:50:2022	hs	hg38	200	50	2022	BG_files/J2022_hg38_200u_50d_UCSC.psbg1.txt	349201e1c3e1471592f97f50d13426f31a9046d58df506745a2e75f3a54f0c2d	BG_files/J2022_hg38_200u_50d_UCSC.psbg2.txt	7ff35740ce39b2e42a8d08b884cf7a56ceea575c3d3ee4a0f201f1290175cd75	39438	39719	841	841	841	0	0	0.999999743198922	0.999997360985748	3.35021822030915e-05	0.000131497083719068	2.66441625647597e-05	0.000147185523947602	0.00133861822799948	0.00180415626195156	0.998963584502918	1.00018773387228	1.00147076164833	0.998185509446836	1.00197326069042	0	281	0.0071251077640854
hs:hg38:450:50:2022	hs	hg38	450	50	2022	BG_files/J2022_hg38_450u_50d_UCSC.psbg1.txt	8c696b1b6584140702df469f1f2dad0070588262b37516b3f91cff18ae120f06	BG_files/J2022_hg38_450u_50d_UCSC.psbg2.txt	18011539ff6fcb1665cd864b7d7f539256996ddf3900ec4b77d484d1fc2546c7	39518	39799	841	841	841	0	0	0.999999838672758	0.999997712202706	2.35707834544771e-05	0.000105505981937926	1.96097163404208e-05	0.0001259271682503	0.00113000584688185	0.00152112567648726	0.999068494277156	1.00013171895606	1.00115381357229	0.998125811928348	1.00215071991889	0	281	0.00711068373905562
hs:hg38:500:0:2022	hs	hg38	500	0	2022	BG_files/J2022_hg38_500u_0d_UCSC.psbg1.txt	4859e112fea773b94c3cc11be47066493ba2868c1829f6f2e4f367545abd7ca0	BG_files/J2022_hg38_500u_0d_UCSC.psbg2.txt	e0af21db7aadea43f9ee39a26cd94739077d4f334aed64ffc5c24d2849c68d41	39524	39805	841	841	841	0	0	0.999999849006398	0.999997910180244	2.29202877813742e-05	0.000108026281970042	1.91681356745951e-05	0.000131431763473702	0.00106535113098703	0.00193796971785947	0.999025631988113	1.00011714276068	1.00097942527332	0.998716040885303	1.00226381558787	0	281	0.00710960429106366
hs:hg38:950:50:2022	hs	hg38	950	50	2022	BG_files/J2022_hg38_950u_50d_UCSC.psbg1.txt	e5031e7555d0cf96b9f59a70ce3249e2a1b302c8d623a0393e6213f19c5989fa	BG_files/J2022_hg38_950u_50d_UCSC.psbg2.txt	ba075f7d7a18685e1bf686ed83b4211c9040d1132d9dd117288d2c29f548ee77	39583	39864	841	841	841	0	0	0.999999879218636	0.999997460012033	2.15780595570008e-05	0.000111955650329953	1.56729702618883e-05	9.60902260659993e-05	0.00104175463270537	0.00165844988757476	0.99910097685989	0.999989193281063	1.00094653991353	0.998321559749515	1.00176860592691	0	281	0.00709900714953389
hs:hg38:1000:0:2022	hs	hg38	1000	0	2022	BG_files/J2022_hg38_1000u_0d_UCSC.psbg1.txt	e81d241fdefaf9c48538bbbe4b2e8dd8a35200bb3cd99cf815994681dd31d4ce	BG_files/J2022_hg38_1000u_0d_UCSC.psbg2.txt	74ee7f8a93f0c90ab30dbecab200a11b1b6a38fb0575c3b22303ec708fa99b1a	39581	39862	841	841	841	0	0	0.99999986303926	0.999997431386902	2.35230947030835e-05	0.000108663517686014	1.58844712940702e-05	9.57171323998016e-05	0.00104957088522972	0.00176645210318482	0.999026669638227	0.999958830671601	1.00086981084313	0.998574083444286	1.00177152062572	0	281	0.0070993658573558
hs:hs1:200:50:2022	hs	hs1	200	50	2022	BG_files/J2022_hs1_200u_50d_UCSC.psbg1.txt	efddfbb96e48a47c436b15d2e0ff2c983d4b1d6c8b80894254954d18cf553be0	BG_files/J2022_hs1_200u_50d_UCSC.psbg2.txt	d4152c9da2ce4bc15ca8742bc2c14a3121e82bab64273002bba71987f6e3562d	39405	39405	841	841	841	0	0	1	1	7.12866151364548e-18	9.99200722162641e-16	5.78378671419616e-18	1.11022302462516e-16	0	1.97311243223031e-14	0.999999999999998	1	1	0.999999999999998	1	0	0	0
hs:hs1:450:50:2022	hs	hs1	450	50	2022	BG_files/J2022_hs1_450u_50d_UCSC.psbg1.txt	dcffa45ca1b2909b3b9483b8ae73419b485368dca26f976262071d5b4a07cfab	BG_files/J2022_hs1_450u_50d_UCSC.psbg2.txt	153bbb547952a012cd9f0214aaa54494a6c2e419d95c3b28ad655343acf65de9	39500	39500	841	841	841	0	0	1	1	7.12866151364548e-18	9.99200722162641e-16	4.51316880551398e-18	1.11022302462516e-16	0	1.65276084495101e-14	0.999999999999998	1	1	0.999999999999998	1	0	0	0
hs:hs1:500:0:2022	hs	hs1	500	0	2022	BG_files/J2022_hs1_500u_0d_UCSC.psbg1.txt	bdf379875c5f146940e944146e0e9700d2bed5476aad04f2231bf4877f1010cb	BG_files/J2022_hs1_500u_0d_UCSC.psbg2.txt	d5ea613ab3856bd8c83144cbb9e541dd8f8e85dd5c36a2807ed3a6cee53cc4a4	39503	39503	841	841	841	0	0	1	1	3.56433075682274e-18	9.99200722162641e-16	3.8613583198913e-18	1.04083408558608e-16	0	2.09167990178207e-14	0.999999999999998	1	1	0.999999999999997	1	0	0	0
hs:hs1:950:50:2022	hs	hs1	950	50	2022	BG_files/J2022_hs1_950u_50d_UCSC.psbg1.txt	c9437c88e27ca38c279ad28d279fd61d0886b442110cdf8e753e2c0429fd9490	BG_files/J2022_hs1_950u_50d_UCSC.psbg2.txt	c60a594fb7af29f7fad0d1dea5f06bc3721f6041bdc6767d251c26c443933c47	39591	39591	841	841	841	0	0	1	1	5.94055126137123e-18	9.99200722162641e-16	4.50904342269358e-18	1.04083408558608e-16	0	2.70960882813622e-14	0.999999999999998	1	1	0.999999999999997	1	0	0	0
hs:hs1:1000:0:2022	hs	hs1	1000	0	2022	BG_files/J2022_hs1_1000u_0d_UCSC.psbg1.txt	52c7d606c0bb9881add73a9a4129a6123b1f40476b1869ac3e5247e14a078e1b	BG_files/J2022_hs1_1000u_0d_UCSC.psbg2.txt	6b124bdb38a33d0858408f9d34047937aa602f40fe116a5f3188e4de9081b6e2	39591	39591	841	841	841	0	0	1	1	1.43893352775436e-17	1.11022302462516e-15	3.67159071015305e-18	1.04083408558608e-16	0	2.76603127870219e-14	0.999999999999998	1	1	0.999999999999997	1	0	0	0
mm:mm10:200:50:2022	mm	mm10	200	50	2022	BG_files/J2022_mm10_200u_50d_UCSC.psbg1.txt	29b16bcb52c50713ef23b1e5c623cc6ce663aa56a563ea96cc832e3f7998c1c6	BG_files/J2022_mm10_200u_50d_UCSC.psbg2.txt	9c38c93b5e0658ace3c297a1cbf1bd5425db7bc1e273a9f3ffd846cac4bba71f	31383	31383	841	841	841	0	0	1	1	9.50488201819397e-18	9.99200722162641e-16	5.08247163472872e-18	1.11022302462516e-16	0	2.47896634495204e-14	0.999999999999998	1	1	0.999999999999997	1	0	0	0
mm:mm10:450:50:2022	mm	mm10	450	50	2022	BG_files/J2022_mm10_450u_50d_UCSC.psbg1.txt	0d16ee3c9e25c85c503e02a89fce29f2236f1b9d6a4632b3360e78cabb4a0033	BG_files/J2022_mm10_450u_50d_UCSC.psbg2.txt	aab4d8d240bf6099ad95d071ff15fed3e8900bf4018573cb8bab91dd5668b917	31440	31440	841	841	841	0	0	1	1	9.50488201819397e-18	9.99200722162641e-16	4.18313817988224e-18	1.04083408558608e-16	0	2.28592391643036e-14	0.999999999999998	1	1	0.999999999999997	1	0	0	0
mm:mm10:500:0:2022	mm	mm10	500	0	2022	BG_files/J2022_mm10_500u_0d_UCSC.psbg1.txt	f5b84df79aa7fbae107e028d43134085e581d0e3791a0cf67c4fd86d112ac5ca	BG_files/J2022_mm10_500u_0d_UCSC.psbg2.txt	1a93ef250c93e0af4641a892a5a064464aa87b37e63c8102cb89c443b1ad223f	31443	31443	841	841	841	0	0	1	1	7.12866151364548e-18	9.99200722162641e-16	5.8580436049633e-18	1.11022302462516e-16	0	2.14845156037794e-14	0.999999999999998	1	1	0.999999999999997	1	0	0	0
mm:mm10:950:50:2022	mm	mm10	950	50	2022	BG_files/J2022_mm10_950u_50d_UCSC.psbg1.txt	6b0503ce3e830f658c54a43a1104f6ee548896bf7930e7f0a0352208c261c90b	BG_files/J2022_mm10_950u_50d_UCSC.psbg2.txt	fa463ab629a2a7bccd971e7a2fc52a3de956d32f2afaa7cd258137e3920fc397	31504	31504	841	841	841	0	0	1	1	5.94055126137123e-18	9.99200722162641e-16	4.24089353936779e-18	1.11022302462516e-16	0	3.08661992231901e-14	0.999999999999998	1	1	0.999999999999997	1	0	0	0
mm:mm10:1000:0:2022	mm	mm10	1000	0	2022	BG_files/J2022_mm10_1000u_0d_UCSC.psbg1.txt	51b740845c1fb960ad8d48a7064cc11f4b9ebe264f5686689fb357165586edf4	BG_files/J2022_mm10_1000u_0d_UCSC.psbg2.txt	92954888b8d321d6cda8a47e0df86b57799aae693039646828190cb147615722	31508	31508	841	841	841	0	0	1	1	1.66335435318394e-17	9.99200722162641e-16	4.07587822655193e-18	1.11022302462516e-16	0	2.91877774665686e-14	0.999999999999998	1	1	0.999999999999997	1	0	0	0
mm:mm39:200:50:2022	mm	mm39	200	50	2022	BG_files/J2022_mm39_200u_50d_UCSC.psbg1.txt	1e62dd2ebbd0eeb8357893f5fd62c9b3ac466940089e4195757b4d025ef6e8c0	BG_files/J2022_mm39_200u_50d_UCSC.psbg2.txt	fad59e18942acc16dbccab92461e9221e936ce9ec9471a47490860dfd83be6b6	33248	33248	841	841	841	0	0	1	1	1.30692127750167e-17	9.99200722162641e-16	3.91911367937685e-18	1.11022302462516e-16	0	2.77497750396307e-14	0.999999999999998	1	1	0.999999999999998	1	0	0	0
mm:mm39:450:50:2022	mm	mm39	450	50	2022	BG_files/J2022_mm39_450u_50d_UCSC.psbg1.txt	e227c71d3446779bac6e16f35ecbdb13a7d20da8fb26d6833deacfceea94ef39	BG_files/J2022_mm39_450u_50d_UCSC.psbg2.txt	c5ee821d703099b7f05bbc35ba81d031405af13dcd48be3bbb202446be9f1d5d	33308	33308	841	841	841	0	0	1	1	9.50488201819397e-18	9.99200722162641e-16	4.78544407166016e-18	1.11022302462516e-16	0	2.41221222125509e-14	0.999999999999998	1	1	0.999999999999998	1	0	0	0
mm:mm39:500:0:2022	mm	mm39	500	0	2022	BG_files/J2022_mm39_500u_0d_UCSC.psbg1.txt	ad541c04cdfcc70aecfb2afd08ddf80f04b270df0087316af03dae83b8ceb1e0	BG_files/J2022_mm39_500u_0d_UCSC.psbg2.txt	9923caa19670fe6029001f9ee476c101563c48abff81989749c247be71dafdd6	33312	33312	841	841	841	0	0	1	1	1.06929922704682e-17	9.99200722162641e-16	3.46532156913322e-18	1.11022302462516e-16	0	2.60366198542408e-14	0.999999999999998	1	1	0.999999999999998	1	0	0	0
mm:mm39:950:50:2022	mm	mm39	950	50	2022	BG_files/J2022_mm39_950u_50d_UCSC.psbg1.txt	ba7014d6d11ab6ee67d80bf4de06be86399be58a5e251207425bb7a66d2ae781	BG_files/J2022_mm39_950u_50d_UCSC.psbg2.txt	d334072fb2caa9f7b05318063c2de0a4381e4611fbe6a1e47a88c09e09a83dfd	33374	33374	841	841	841	0	0	1	1	8.31677176591972e-18	9.99200722162641e-16	3.89436138245447e-18	1.11022302462516e-16	0	2.3740353954843e-14	0.999999999999998	1	1	0.999999999999997	1	0	0	0
mm:mm39:1000:0:2022	mm	mm39	1000	0	2022	BG_files/J2022_mm39_1000u_0d_UCSC.psbg1.txt	996a60a450d7115ed16c97a396c590e89bd7e3a4981cbb01df7c00adc01044e2	BG_files/J2022_mm39_1000u_0d_UCSC.psbg2.txt	dcab192cc75b9d04024357af2ddd49216aa2aa01432a8e3eb8b204fcc49e2360	33378	33378	841	841	841	0	0	1	1	9.50488201819397e-18	9.99200722162641e-16	4.7359394778154e-18	1.04083408558608e-16	0	2.84132385963441e-14	0.999999999999998	1	1	0.999999999999997	1	0	0	0
sc:sacCer3:200:50:2022	sc	sacCer3	200	50	2022	BG_files/J2022_sacCer3_200u_50d_UCSC.psbg1.txt	e5fab78375e63f0dd5d6b8ed4bd1346a4a139ac88f6379116cbd364f20770f1f	BG_files/J2022_sacCer3_200u_50d_UCSC.psbg2.txt	e89736815bd8e2e0b595a096125e26bf7e131da5de067d47e5b1c0476b5e8e2f	6544	6544	179	179	179	0	0	1	1	2.23285077578244e-17	9.99200722162641e-16	5.5433621690432e-18	1.04083408558608e-16	0	2.58532088795604e-14	1	1	1	0.999999999999998	1	0	0	0
sc:sacCer3:450:50:2022	sc	sacCer3	450	50	2022	BG_files/J2022_sacCer3_450u_50d_UCSC.psbg1.txt	1cfe213376f9752d83eda47568b598a3e8848f58f675903de4fbd888192f27a2	BG_files/J2022_sacCer3_450u_50d_UCSC.psbg2.txt	bbe27d2667b4e6c59d0ac650764671babd1208b94f94ec981f99f40212392e69	6570	6570	179	179	179	0	0	1	1	1.67463808183683e-17	9.99200722162641e-16	4.96189061284986e-18	1.04083408558608e-16	0	2.25817935227473e-14	1	1	1	0.999999999999999	1	0	0	0
sc:sacCer3:500:0:2022	sc	sacCer3	500	0	2022	BG_files/J2022_sacCer3_500u_0d_UCSC.psbg1.txt	a7704968d66d0784b2e2e27bce73e19bdc6ad973ba242437638ba9d8cacc58a7	BG_files/J2022_sacCer3_500u_0d_UCSC.psbg2.txt	7b226e1779f8de29cac2c54f87751c818ced50872c3239eb970793dcf3dd1256	6571	6571	179	179	179	0	0	1	1	1.67463808183683e-17	9.99200722162641e-16	8.37319040918414e-18	1.11022302462516e-16	0	2.90421438405106e-14	1	1	1	0.999999999999998	1	0	0	0
sc:sacCer3:950:50:2022	sc	sacCer3	950	50	2022	BG_files/J2022_sacCer3_950u_50d_UCSC.psbg1.txt	609190c85d7dc812116d8bfb2af77b793d83b3b4107657b0c43f2a16bb4567f4	BG_files/J2022_sacCer3_950u_50d_UCSC.psbg2.txt	af5b5033e99b4892ccf0f1c903572724d054f7501fe6f6703d5eafe796453ab6	6571	6571	179	179	179	0	0	1	1	5.58212693945609e-18	9.99200722162641e-16	6.841981977875e-18	1.11022302462516e-16	0	1.66895701788914e-14	1	1	1	0.999999999999997	1	0	0	0
sc:sacCer3:1000:0:2022	sc	sacCer3	1000	0	2022	BG_files/J2022_sacCer3_1000u_0d_UCSC.psbg1.txt	64a01cfb04e70bb364c8354a43ff3747f656e22d3092e9ee79f9ca8bb20ed9f0	BG_files/J2022_sacCer3_1000u_0d_UCSC.psbg2.txt	1894fa92a3df130ee8742d16fb4d5f348f261951f26918d6aa9d5ffb8f9e95a1	6571	6571	179	179	179	0	0	1	1	2.23285077578244e-17	9.99200722162641e-16	5.07333932778692e-18	1.04083408558608e-16	0	2.72362578427771e-14	1	1	1	0.999999999999998	1	0	0	0
at:TAIR9:200:50:2022	at	TAIR9	200	50	2022	BG_files/J2022_TAIR9_200u_50d_TAIR.psbg1.txt	3c75f2fd45da3bb1e7cea7c86bb94ffec75556a635d1e24078b3cede492fcbb0	BG_files/J2022_TAIR9_200u_50d_TAIR.psbg2.txt	2d985c18a41f1fdc0af8e4d6effbb81c39ab3abd349f1b1d8f8bc5415af64447	36331	36331	656	656	656	0	0	1	1	9.13903099539001e-18	9.99200722162641e-16	4.6858689015715e-18	1.11022302462516e-16	0	2.18263427978216e-14	0.999999999999998	1	1	0.999999999999997	1	0	0	0
at:TAIR9:450:50:2022	at	TAIR9	450	50	2022	BG_files/J2022_TAIR9_450u_50d_TAIR.psbg1.txt	224919d7fa04263976a942007992bf4bc96fc2f00a789d40138b38235befb7f0	BG_files/J2022_TAIR9_450u_50d_TAIR.psbg2.txt	50d39d9263c7c80bf0ec5503a9c4e36a34084657ef55198f5cc9a5dd11b5cbea	36368	36368	656	656	656	0	0	1	1	7.61585916282501e-18	9.99200722162641e-16	4.19401133063905e-18	1.04083408558608e-16	0	5.03534359282087e-14	0.999999999999998	1	1	0.999999999999997	1.00000000000001	0	0	0
at:TAIR9:500:0:2022	at	TAIR9	500	0	2022	BG_files/J2022_TAIR9_500u_0d_TAIR.psbg1.txt	2d45d553dbbaad05eba31c0aaad26953b3ee1e3eb109b219615f6d0289f15392	BG_files/J2022_TAIR9_500u_0d_TAIR.psbg2.txt	dfb462f45e234ba55e92d284fa8693c06e10116c0b73eb20fcc4a2628abcfa47	36371	36371	656	656	656	0	0	1	1	9.13903099539001e-18	9.99200722162641e-16	4.29449836125966e-18	1.11022302462516e-16	0	2.1405724259263e-14	0.999999999999998	1	1	0.999999999999997	1	0	0	0
at:TAIR9:950:50:2022	at	TAIR9	950	50	2022	BG_files/J2022_TAIR9_950u_50d_TAIR.psbg1.txt	f04c6c37809a7550fa634e2080497788dca6955b0ad9644ab10c8afd55622fd2	BG_files/J2022_TAIR9_950u_50d_TAIR.psbg2.txt	c19383cf66d8544a6c55a691b3edb00990de67ee2d5bca66b03285a8a118ee85	36406	36406	656	656	656	0	0	1	1	9.13903099539001e-18	9.99200722162641e-16	5.04682889314289e-18	1.04083408558608e-16	0	2.61553840625906e-14	0.999999999999998	1	1	0.999999999999996	1.00000000000001	0	0	0
at:TAIR9:1000:0:2022	at	TAIR9	1000	0	2022	BG_files/J2022_TAIR9_1000u_0d_TAIR.psbg1.txt	e64cb7a5d71fc9cd42e80f7a4926c01335d0fba80d78cad52e572b679f8e8a19	BG_files/J2022_TAIR9_1000u_0d_TAIR.psbg2.txt	e9a9ca242f894f902018315ca8ca74e6d0f2633d410989218977654ea8103319	36405	36405	656	656	656	0	0	1	1	1.9801233823345e-17	9.99200722162641e-16	4.42142934730674e-18	1.11022302462516e-16	0	3.30287433966522e-14	0.999999999999998	1	1	0.999999999999996	1	0	0	0
dm:dm6:200:50:2024	dm	dm6	200	50	2024	BG_files/J2024_dm6_200u_50d_UCSC.psbg1.txt	3ab838ce7f3b78c82350afc42b7fb17a02f7972b9b838004769c33c18e8ed1b9	BG_files/J2024_dm6_200u_50d_UCSC.psbg2.txt	5b445038a80d38359b7fa5a840337b697ff7f28b70872cb5ae14eea95580a9c6	22400	22400	286	286	286	0	0	1	1	6.98741763750099e-18	9.99200722162641e-16	4.97368269336008e-18	1.11022302462516e-16	0	1.92887510069991e-14	0.999999999999998	1	1	0.999999999999998	1	0	0	0
dm:dm6:450:50:2024	dm	dm6	450	50	2024	BG_files/J2024_dm6_450u_50d_UCSC.psbg1.txt	9094990dcae56bed324ee64ba7f0be5d5d808c7bf6fbcb35447db3a022f8e481	BG_files/J2024_dm6_450u_50d_UCSC.psbg2.txt	5e4f96039597f9a5625e3ec9e1ed1f9d120e008d285818ab3201c413aafb13f1	22454	22454	286	286	286	0	0	1	1	0	0	5.91989549843833e-18	1.11022302462516e-16	0	0	0.999999999999998	1	1	0.999999999999997	1	0	0	0
dm:dm6:500:0:2024	dm	dm6	500	0	2024	BG_files/J2024_dm6_500u_0d_UCSC.psbg1.txt	94a8639ce9d5a837fa28cd6f2f2d44fb7fcc4a142f7df2171e8367501f6a583a	BG_files/J2024_dm6_500u_0d_UCSC.psbg2.txt	5cca7fe7010227a32459fd8fef92395ce18581e00e3d90ec2674be9aff174cef	22460	22460	286	286	286	0	0	1	1	3.49370881875049e-18	9.99200722162641e-16	4.65827842500066e-18	1.11022302462516e-16	0	2.08093767119716e-14	0.999999999999998	1	1	0.999999999999997	1	0	0	0
dm:dm6:950:50:2024	dm	dm6	950	50	2024	BG_files/J2024_dm6_950u_50d_UCSC.psbg1.txt	1ed139ce227312cc49344a188cea6451a7afb43e58f2f35a77e5d1c23f584af6	BG_files/J2024_dm6_950u_50d_UCSC.psbg2.txt	b8c6c3fc4ee3de16de8289fc9e93812c0f11a182717dfca6169a83881b184885	22511	22511	286	286	286	0	0	1	1	6.98741763750099e-18	9.99200722162641e-16	6.32021630058683e-18	1.04083408558608e-16	0	2.151791740732e-14	0.999999999999997	1	1	0.999999999999996	1	0	0	0
dm:dm6:1000:0:2024	dm	dm6	1000	0	2024	BG_files/J2024_dm6_1000u_0d_UCSC.psbg1.txt	79f0fd1cedde60e3ec6c2ce4645cd20bb3bb956fb0dd68a8834b50e508099f4c	BG_files/J2024_dm6_1000u_0d_UCSC.psbg2.txt	b4a1f3513834bfa44b1d32e4a6796ed9c846f04844f28195486b52791c00d0ab	22513	22513	286	286	286	0	0	1	1	1.74685440937525e-17	9.99200722162641e-16	7.61822617421982e-18	1.11022302462516e-16	0	4.07413002536905e-14	0.999999999999998	1	1	0.999999999999997	1	0	0	0
hs:hg38:200:50:2024	hs	hg38	200	50	2024	BG_files/J2024_hg38_200u_50d_UCSC.psbg1.txt	db173960a7e97f616ed60b19db917bfbe8e28969ace0b6ed6c6a3cb3eae37249	BG_files/J2024_hg38_200u_50d_UCSC.psbg2.txt	15be78d01840185d10248a3ffa9b1eb57b99d16f29e89738192e5f32cd9aa01d	39438	39719	879	879	879	0	0	0.999999767745537	0.999997699740174	3.45437171152348e-05	0.000135598413324001	2.67922460844714e-05	0.000147185523947602	0.00131092514784768	0.00167637197317576	0.998959653597661	1.0002032909849	1.00145463736883	0.998467049829074	1.00197326069042	0	281	0.0071251077640854
hs:hg38:450:50:2024	hs	hg38	450	50	2024	BG_files/J2024_hg38_450u_50d_UCSC.psbg1.txt	db59de5123b1fa4c472828068525023b194d8c83606735dae82d4b027ab20ee3	BG_files/J2024_hg38_450u_50d_UCSC.psbg2.txt	500eee79410b85aca2f6953311185e60ea5e9d705f400c3dc1b2284b5e0d4d96	39518	39799	879	879	879	0	0	0.999999855119598	0.999997930745239	2.49625466886621e-05	0.000107562205130085	1.98661913501617e-05	0.0001259271682503	0.0011253980084161	0.00161851484465398	0.999076650480779	1.00009797719027	1.00107239666722	0.998500813673501	1.00215071991889	0	281	0.00711068373905562
hs:hg38:500:0:2024	hs	hg38	500	0	2024	BG_files/J2024_hg38_500u_0d_UCSC.psbg1.txt	4ee7e90ed525d1a0899286f2f3b434c9d9634978a0a13b158b6eb89bfc5868db	BG_files/J2024_hg38_500u_0d_UCSC.psbg2.txt	f3bbb082830406325fbbdf43d2d2486f2b82ec8d546a3e8c396daf582ac0830d	39524	39805	879	879	879	0	0	0.999999862756199	0.999998073592171	2.41518250661953e-05	0.000120235002985969	2.00902061505561e-05	0.000131431763473702	0.00106535409056707	0.00185549397247268	0.999054596339269	1.00011216401381	1.00094600685266	0.998709272850857	1.00226381558787	0	281	0.00710960429106366
hs:hg38:950:50:2024	hs	hg38	950	50	2024	BG_files/J2024_hg38_950u_50d_UCSC.psbg1.txt	0749113451626b6a4e1cc3c50453ae364ba8ce80e48a5232c4be46d409104aa1	BG_files/J2024_hg38_950u_50d_UCSC.psbg2.txt	baf4ea1bbcbd6baf579028bc41f133580fd1bd087117a45f26a65332f80f99ca	39583	39864	879	879	879	0	0	0.999999897948002	0.999997823830233	2.15687617793357e-05	0.000120916381159075	1.586120817494e-05	9.60902260659993e-05	0.00101039550138654	0.00178917048106974	0.999042601672325	1.00000203493393	1.00091469400304	0.998354389438071	1.00176860592691	0	281	0.00709900714953389
hs:hg38:1000:0:2024	hs	hg38	1000	0	2024	BG_files/J2024_hg38_1000u_0d_UCSC.psbg1.txt	50a7287f0c06e147fa1cd3ba1a9b66da8f0e609895e2c4dee1884526dae85716	BG_files/J2024_hg38_1000u_0d_UCSC.psbg2.txt	9467ab82e0e590b78aa5854f9ccfec944b1f4d2e205d79a900e4a036ce626ce0	39581	39862	879	879	879	0	0	0.999999887588707	0.99999779138917	2.34660466625575e-05	0.000118494236360012	1.60786850187689e-05	9.57171323998016e-05	0.00107094852408548	0.00203564719254603	0.999008986785426	0.99997234225308	1.00083989115185	0.998707910204967	1.00177152062572	0	281	0.0070993658573558
hs:hs1:200:50:2024	hs	hs1	200	50	2024	BG_files/J2024_hs1_200u_50d_UCSC.psbg1.txt	3b85d10ab2c9f15a96cfecc29e50df8141ac8353a6cfc89056f9bbb69a89bdfc	BG_files/J2024_hs1_200u_50d_UCSC.psbg2.txt	dae11a05ebc36bbd7176018afda45d3a89c078bcf3aaf23f3136ec9b39b157c5	39405	39405	879	879	879	0	0	1	1	4.54698849675832e-18	9.99200722162641e-16	3.83652154413983e-18	1.11022302462516e-16	0	1.80811522603504e-14	0.999999999999999	1	1	0.999999999999998	1	0	0	0
hs:hs1:450:50:2024	hs	hs1	450	50	2024	BG_files/J2024_hs1_450u_50d_UCSC.psbg1.txt	addf66427619426d03866c3179507fe3f904a752afb1e0578300da1c90990038	BG_files/J2024_hs1_450u_50d_UCSC.psbg2.txt	3c366be416b98f971285ad3997d2d077fe20dc22e69a74c568b830e25825bd47	39500	39500	879	879	879	0	0	1	1	7.95722986932706e-18	9.99200722162641e-16	3.41024137256874e-18	1.11022302462516e-16	0	2.27444204905996e-14	0.999999999999998	1	1	0.999999999999997	1	0	0	0
hs:hs1:500:0:2024	hs	hs1	500	0	2024	BG_files/J2024_hs1_500u_0d_UCSC.psbg1.txt	595e56b32ae7dd23f7947301cdb11e1236f614f00cb022a7b6e10268a5eec90f	BG_files/J2024_hs1_500u_0d_UCSC.psbg2.txt	07381af854b8db2853d3e582cbc216f2189ea58b1b7a8c6f9ce90f7fe8cfec4f	39503	39503	879	879	879	0	0	1	1	8.08353510534812e-18	1.11022302462516e-15	4.65750557827675e-18	1.11022302462516e-16	0	2.18162270568521e-14	0.999999999999999	1	1	0.999999999999997	1	0	0	0
hs:hs1:950:50:2024	hs	hs1	950	50	2024	BG_files/J2024_hs1_950u_50d_UCSC.psbg1.txt	92d5591b9828d1a2a4a6b1767c9b691318204ff49eec416640237d5c6a499b53	BG_files/J2024_hs1_950u_50d_UCSC.psbg2.txt	4fc5a3251a6038a29586975ee7bdc223fd2eb6e3b9bdb27d42cf733536585f3a	39591	39591	879	879	879	0	0	1	1	5.6837356209479e-18	9.99200722162641e-16	4.01413828229445e-18	1.11022302462516e-16	0	2.62973854541393e-14	1	1	1	0.999999999999997	1	0	0	0
hs:hs1:1000:0:2024	hs	hs1	1000	0	2024	BG_files/J2024_hs1_1000u_0d_UCSC.psbg1.txt	664a473f02cd1cfd9f740193139190b6b2cfcb7de9768316126e05c79df5aee6	BG_files/J2024_hs1_1000u_0d_UCSC.psbg2.txt	05ae44060f40de51af61f56c570fe6840937cfacb5f2498b36ce13d3ef22611e	39591	39591	879	879	879	0	0	1	1	5.6837356209479e-18	9.99200722162641e-16	4.09307905480762e-18	1.11022302462516e-16	0	2.76603127870219e-14	0.999999999999998	1	1	0.999999999999997	1	0	0	0
mm:mm10:200:50:2024	mm	mm10	200	50	2024	BG_files/J2024_mm10_200u_50d_UCSC.psbg1.txt	38d1721106ec15793be10262c322db0bd06e66961e8ac04e3bcbc6a8909af2e4	BG_files/J2024_mm10_200u_50d_UCSC.psbg2.txt	b6972a9698ed3496f08ea4a7735123db413f461990db73e024409aa4727a64b2	31383	31383	879	879	879	0	0	1	1	3.41024137256874e-18	9.99200722162641e-16	4.10492017068459e-18	1.11022302462516e-16	0	2.3346508137754e-14	0.999999999999998	1	1	0.999999999999997	1	0	0	0
mm:mm10:450:50:2024	mm	mm10	450	50	2024	BG_files/J2024_mm10_450u_50d_UCSC.psbg1.txt	3c7e792a23731457052d5c71ed06792e841675405fa31fcdf0c197591f94f80a	BG_files/J2024_mm10_450u_50d_UCSC.psbg2.txt	4a38cf31ea214c3553d982beb11775a45cbad6ba3d83d0bcc1223fc8fae07029	31440	31440	879	879	879	0	0	1	1	6.82048274513748e-18	9.99200722162641e-16	4.07334386167933e-18	1.11022302462516e-16	0	2.39014554923212e-14	0.999999999999998	1	1	0.999999999999997	1	0	0	0
mm:mm10:500:0:2024	mm	mm10	500	0	2024	BG_files/J2024_mm10_500u_0d_UCSC.psbg1.txt	81b0e96df920814420cb2f42b483ccd91282095f746657e889c6fc708a301352	BG_files/J2024_mm10_500u_0d_UCSC.psbg2.txt	64dd42754af4ac08d407717e91f1ba776ab628ce19f819f4d12d1af50f82976c	31443	31443	879	879	879	0	0	1	1	6.82048274513748e-18	9.99200722162641e-16	3.30761836830163e-18	1.11022302462516e-16	0	2.26191115473311e-14	0.999999999999998	1	1	0.999999999999997	1	0	0	0
mm:mm10:950:50:2024	mm	mm10	950	50	2024	BG_files/J2024_mm10_950u_50d_UCSC.psbg1.txt	ce87164feb7d913b946787d571d550c48ff531e971f2a5c2f0c8c461da2bd207	BG_files/J2024_mm10_950u_50d_UCSC.psbg2.txt	686766b034479c952efa82f65dc4e8bb729561ea9d4395451e9dbcddac69f950	31504	31504	879	879	879	0	0	1	1	1.13674712418958e-17	9.99200722162641e-16	3.93914454840695e-18	1.11022302462516e-16	0	2.69797144795768e-14	0.999999999999998	1	1	0.999999999999998	1	0	0	0
mm:mm10:1000:0:2024	mm	mm10	1000	0	2024	BG_files/J2024_mm10_1000u_0d_UCSC.psbg1.txt	6fd8ac4e3e14732f4d49cba09354c9448108a3f102291d8d3ce6b8eee2f3844e	BG_files/J2024_mm10_1000u_0d_UCSC.psbg2.txt	0bfed7c268f994121a2c4b54293349d223d42cb18b422fb97f39e2047e3ee237	31508	31508	879	879	879	0	0	1	1	7.95722986932706e-18	9.99200722162641e-16	3.51681141546151e-18	1.11022302462516e-16	0	2.5435011868968e-14	0.999999999999998	1	1	0.999999999999997	1	0	0	0
mm:mm39:200:50:2024	mm	mm39	200	50	2024	BG_files/J2024_mm39_200u_50d_UCSC.psbg1.txt	24ef8d4118634075dea8baa604488a2081d8cc6cd9b94faa5ba94f072969c1d4	BG_files/J2024_mm39_200u_50d_UCSC.psbg2.txt	7a281efdefe9284783f902714e5d62843616c5761d1def195d4e84f61a545f85	33248	33248	879	879	879	0	0	1	1	1.3640965490275e-17	9.99200722162641e-16	4.08123793893065e-18	9.99200722162641e-16	0	2.77497750396307e-14	0.999999999999999	1	1	0.999999999999998	1.00000000000001	0	0	0
mm:mm39:450:50:2024	mm	mm39	450	50	2024	BG_files/J2024_mm39_450u_50d_UCSC.psbg1.txt	e608a4c6722a5a60f76c0970bd9b594e16a5fc930965cb1ce03dc6774e8a5528	BG_files/J2024_mm39_450u_50d_UCSC.psbg2.txt	246d96341f3546a56d4ceb1ad059542f50047362b79bb0901f14ce8e569be681	33308	33308	879	879	879	0	0	1	1	4.54698849675832e-18	9.99200722162641e-16	3.99440308916616e-18	1.11022302462516e-16	0	1.74664279265627e-14	0.999999999999998	1	1	0.999999999999997	1	0	0	0
mm:mm39:500:0:2024	mm	mm39	500	0	2024	BG_files/J2024_mm39_500u_0d_UCSC.psbg1.txt	51fe5f119cecb30a0ee3b527106773e2f528d9dd24c0aec1eb424ca107fb4c0e	BG_files/J2024_mm39_500u_0d_UCSC.psbg2.txt	78dd94f7437a4cd87b015b1eace97f1344bc2af7ee2197a734cfe32344a0e8f5	33312	33312	879	879	879	0	0	1	1	1.13674712418958e-17	9.99200722162641e-16	3.86020377589378e-18	1.11022302462516e-16	0	2.57505205709611e-14	0.999999999999998	1	1	0.999999999999997	1	0	0	0
mm:mm39:950:50:2024	mm	mm39	950	50	2024	BG_files/J2024_mm39_950u_50d_UCSC.psbg1.txt	7a54a49e0b102f228e80ddbeb7c58f16bc3c0ac7702cf68c4b0c8cfd9f9bd6a7	BG_files/J2024_mm39_950u_50d_UCSC.psbg2.txt	80db059af61e5e09a5ac0735de6e685930591705c881647951054830fc0503fd	33374	33374	879	879	879	0	0	1	1	3.41024137256874e-18	9.99200722162641e-16	2.70766849720157e-18	1.04083408558608e-16	0	2.3311655925335e-14	0.999999999999998	1	1	0.999999999999997	1	0	0	0
mm:mm39:1000:0:2024	mm	mm39	1000	0	2024	BG_files/J2024_mm39_1000u_0d_UCSC.psbg1.txt	420e1045dc26dc7e92241fa81b80872726cd6fa14d2d70e7fd40ddeb87df7489	BG_files/J2024_mm39_1000u_0d_UCSC.psbg2.txt	874ae59955fb8cfcb659fa1f3bd87e5b1e0c5c88eaa39531a9f7e00349d03091	33378	33378	879	879	879	0	0	1	1	9.09397699351664e-18	9.99200722162641e-16	2.84976188772527e-18	1.04083408558608e-16	0	2.84132385963441e-14	0.999999999999998	1	1	0.999999999999997	1	0	0	0
sc:sacCer3:200:50:2024	sc	sacCer3	200	50	2024	BG_files/J2024_sacCer3_200u_50d_UCSC.psbg1.txt	0bb131084be9cf3531be0fd30a5c74a993e4d4fd89122092054d78a211d38b07	BG_files/J2024_sacCer3_200u_50d_UCSC.psbg2.txt	1631345c12c0e330337f43235305c2b11655476a7c680835121f76035bbac264	6544	6544	178	178	178	0	0	1	1	1.68404616094827e-17	9.99200722162641e-16	4.98976640280969e-18	1.04083408558608e-16	0	2.58532088795604e-14	1	1	1	0.999999999999998	1	0	0	0
sc:sacCer3:450:50:2024	sc	sacCer3	450	50	2024	BG_files/J2024_sacCer3_450u_50d_UCSC.psbg1.txt	547e1804a1aacaaa8dce3d612b72dc6e9824f9e6fcc177579e95af458c7dff64	BG_files/J2024_sacCer3_450u_50d_UCSC.psbg2.txt	73e68407607ca504c5bfddb7d4e9c5ebaa97ba15ae0ebb13eba2c2bdd5bcf160	6570	6570	178	178	178	0	0	1	1	1.12269744063218e-17	9.99200722162641e-16	6.08127780342431e-18	1.04083408558608e-16	0	1.63026272033979e-14	1	1	1	1	1	0	0	0
sc:sacCer3:500:0:2024	sc	sacCer3	500	0	2024	BG_files/J2024_sacCer3_500u_0d_UCSC.psbg1.txt	61ea25cbc35f35c8aaf4e57a2586f5d7abb8307ef81930c9ed82db9f66ffcdc3	BG_files/J2024_sacCer3_500u_0d_UCSC.psbg2.txt	ae0cf079455d103d52ba893a7f1e6e5ec8ce8b012099d4153c80e28dbc5ab361	6571	6571	178	178	178	0	0	1	1	1.68404616094827e-17	9.99200722162641e-16	7.25075430408283e-18	1.11022302462516e-16	0	1.87950127827181e-14	1	1	1	1	1	0	0	0
sc:sacCer3:950:50:2024	sc	sacCer3	950	50	2024	BG_files/J2024_sacCer3_950u_50d_UCSC.psbg1.txt	0d00f8cb21e2bcc22381c01b12552de8c9a7f0cd4aeb3f95da3c8c376718cefe	BG_files/J2024_sacCer3_950u_50d_UCSC.psbg2.txt	4f39b75dff44826474c98ab177db3cfc1a110da761d903d5b5360de8ad7e1c0d	6571	6571	178	178	178	0	0	1	1	0	0	6.8804200788743e-18	1.04083408558608e-16	0	0	1	1	1	0.999999999999999	1	0	0	0
sc:sacCer3:1000:0:2024	sc	sacCer3	1000	0	2024	BG_files/J2024_sacCer3_1000u_0d_UCSC.psbg1.txt	1c1ee554a80f584716cff3335b38bdc8533341fe2aab801cd01e29fcfe00e3c1	BG_files/J2024_sacCer3_1000u_0d_UCSC.psbg2.txt	9673ada16dc257064320263ee4941a02e8486ab5462df3c736aa62c9e65f5241	6571	6571	178	178	178	0	0	1	1	1.68404616094827e-17	9.99200722162641e-16	7.90858483570325e-18	1.11022302462516e-16	0	2.3346562989838e-14	0.999999999999999	1	1	0.999999999999996	1	0	0	0
at:TAIR9:200:50:2024	at	TAIR9	200	50	2024	BG_files/J2024_TAIR9_200u_50d_TAIR.psbg1.txt	f592c73ed95e60359bf94c5c5d4de51f44fdc081a1ea7b24d7ef9243670da981	BG_files/J2024_TAIR9_200u_50d_TAIR.psbg2.txt	1459bf5f91f07b0ce76f569df5082e1c9e88600c71a0bf4d95fe4d0ff766f1f9	36331	36331	805	805	805	0	0	1	1	9.92994506497034e-18	9.99200722162641e-16	4.94988798052016e-18	1.11022302462516e-16	0	2.05418471536253e-14	0.999999999999998	1	1	0.999999999999993	1	0	0	0
at:TAIR9:450:50:2024	at	TAIR9	450	50	2024	BG_files/J2024_TAIR9_450u_50d_TAIR.psbg1.txt	188f8f69e257ac80e43853d2cfe27d6e8d43e02ad2719793b8990c4dfd9058f6	BG_files/J2024_TAIR9_450u_50d_TAIR.psbg2.txt	9897d45487fd166de17119735bf8cb33c82a627e1ce16d97306bc7519048ada2	36368	36368	805	805	805	0	0	1	1	3.72372939936388e-18	9.99200722162641e-16	3.20654476056334e-18	1.11022302462516e-16	0	1.95440651990656e-14	0.999999999999998	1	1	0.999999999999997	1	0	0	0
at:TAIR9:500:0:2024	at	TAIR9	500	0	2024	BG_files/J2024_TAIR9_500u_0d_TAIR.psbg1.txt	68ee02551035ac66a96ae0f1ca363132fc40767e0e0b6b59060d200dea7ed1d9	BG_files/J2024_TAIR9_500u_0d_TAIR.psbg2.txt	c9c74733abc74cc86859977c28bcfc6ddb86481a9be408ba5dffe85d5a1c7430	36371	36371	805	805	805	0	0	1	1	6.20621566560647e-18	9.99200722162641e-16	4.21505480622439e-18	1.11022302462516e-16	0	2.03120145997383e-14	0.999999999999998	1	1	0.999999999999998	1	0	0	0
at:TAIR9:950:50:2024	at	TAIR9	950	50	2024	BG_files/J2024_TAIR9_950u_50d_TAIR.psbg1.txt	117c354876029c7ae735de0016c7128415c8c54850fcefc464be4e8663d716fc	BG_files/J2024_TAIR9_950u_50d_TAIR.psbg2.txt	cdb2f37941f1a2afe53a5372d6d010a89fab96115c0b3b7af7afa3e02c547808	36406	36406	805	805	805	0	0	1	0.999999997359626	1.61361607305768e-17	9.99200722162641e-16	1.45341614911052e-07	9e-06	0	2.52053488624038e-14	0.1	1	1	0.1	1	13	0	0
at:TAIR9:1000:0:2024	at	TAIR9	1000	0	2024	BG_files/J2024_TAIR9_1000u_0d_TAIR.psbg1.txt	ae03cc4f315e62dca13f7f830094cd15c6a4c32e85e6bf1d1c28723f012bd33e	BG_files/J2024_TAIR9_1000u_0d_TAIR.psbg2.txt	e9ff5282cd0ccffd939f8b91e45a3b626705243f65ff894e43851511b250475f	36405	36405	805	805	805	0	0	1	1	1.11711881980916e-17	9.99200722162641e-16	3.85679669705527e-18	1.04083408558608e-16	0	3.13164443100296e-14	0.999999999999998	1	1	0.999999999999997	1	0	0	0
